Id,SalePrice
FDW58,1602.9899
FDW14,1350.2266
NCN55,569.7503
FDQ58,2416.9326
FDY38,5883.7183
FDH56,1870.7048
FDL48,633.5127
FDC48,2105.03
FDN33,1565.2108
FDA36,3112.6274
FDT44,1870.7048
FDQ56,1360.012
NCC54,575.56885
FDU11,2057.7175
DRL59,850.0251
FDM24,2416.9326
FDI57,3099.3472
DRC12,2720.9275
NCM42,2773.7776
FDA46,524.3926
FDA31,2854.7505
NCJ31,3802.8281
FDG52,803.0375
NCL19,371.0352
FDS10,2852.5967
FDX22,653.6497
NCF19,806.2858
NCE06,2656.5034
DRC27,3943.9604
FDE21,1870.7048
NCR42,72.79859
FDX51,2714.556
NCR06,540.2181
FDU31,5496.645
FDU59,2686.6265
FDR03,5626.7173
FDS49,2110.1807
FDD48,372.98657
NCF18,3058.0977
NCD43,2526.8137
NCD54,1816.7861
FDY19,372.98657
NCY54,2854.7505
NCL19,2137.8523
FDP23,541.7568
FDC26,1856.7441
FDR14,203.04054
NCS41,3128.166
FDF41,4064.9197
FDU34,2050.2593
DRH11,936.65936
FDM03,1650.49
FDS31,2865.877
FDJ20,2002.7592
FDV44,5064.042
FDG02,3112.6274
FDA09,2865.877
FDT04,709.74286
FDL58,705.3239
FDE52,1429.665
FDW12,2416.9326
FDL51,3495.1704
NCY42,3310.0361
FDR07,1515.5887
FDN40,2416.9326
FDB35,2431.6594
FDA22,2697.753
NCL06,4036.396
FDI35,2872.2485
NCW42,3830.1956
NCX06,2872.2485
FDC37,2526.8137
FDZ14,1790.4446
DRG49,4064.0112
NCG06,4006.5715
DRC36,2865.877
FDV21,342.8354
FDB53,2416.9326
DRP47,705.3239
FDA14,2416.8826
DRC24,2423.3042
FDW21,1584.3035
NCH29,1665.1852
FDU58,3112.6274
FDY27,2859.4553
FDV56,1650.49
FDT59,3995.1858
FDB23,3800.5098
FDR49,814.8005
FDB03,581.9405
FDN39,2684.4727
FDX02,5742.5557
FDQ16,2526.8137
FDU35,1392.3224
NCT29,2057.7175
FDZ27,799.8642
FDN57,2178.0884
FDA03,2111.7788
FDZ36,3112.6274
NCU05,1346.7767
FDT39,2131.4807
FDK60,1561.9624
FDZ25,2750.581
FDG12,2057.7175
DRB01,524.3926
NCC43,5857.1465
FDX13,704.55383
FDM22,925.24084
FDJ03,1305.8357
FDU14,3537.8176
FDB33,406.76343
FDP27,3101.501
FDO38,311.6094
FDE28,5883.7183
FDO27,1565.2108
DRL23,2526.8137
FDS28,936.65936
FDX24,1436.0867
FDZ02,1555.4254
FDL46,1815.7462
FDS60,4621.8135
NCO06,693.5768
FDO16,1380.8268
FDC60,1384.1906
FDA48,3214.2678
FDZ36,5023.491
FDK27,2057.7175
FDW23,540.2181
FDM14,1573.8253
FDM14,1655.6409
FDW60,2534.6887
FDE21,1870.7048
NCM42,1650.49
FDY59,289.39963
DRI49,1346.8921
FDT28,386.45682
FDQ22,540.2181
FDR60,1346.8921
FDC50,297.9142
FDV24,2416.9326
DRF48,535.5188
FDQ47,693.5768
DRN36,1558.5986
NCY06,2062.6147
FDE52,1429.665
NCB54,2062.6147
NCF31,2416.9326
FDJ08,4949.7056
NCC07,1650.49
NCD19,1707.924
FDL46,1815.7462
FDM20,3827.163
NCI06,425.40204
DRM11,4030.0244
NCH07,2237.457
FDS23,2141.5483
FDO49,636.76105
FDS35,1077.8708
DRK39,1350.2266
DRI39,930.3532
FDV04,2582.4812
NCN14,3073.6362
FDH08,4051.151
FDS20,3128.166
FDV40,1210.5043
FDZ48,354.10324
FDS24,2352.2212
FDK44,2861.122
FDS48,2423.3042
FDK26,535.5188
FDD23,3112.6274
NCH54,2697.753
NCP14,362.8637
FDM60,88.96465
FDV24,2416.9326
FDH08,3520.8901
FDS12,3209.2266
FDR39,4621.8135
FDP12,1057.3477
DRF60,5959.4062
FDC09,1650.49
FDF50,2703.4294
FDG28,3943.9604
NCE19,940.0232
NCM53,370.08063
NCN18,1781.1106
FDF32,3118.999
FDF11,3943.9604
DRI59,3813.79
NCG54,2744.2095
FDM44,1650.49
FDT57,3476.0364
FDV24,2416.9326
FDI50,706.67755
FDS09,806.2858
NCC31,3586.1582
FDQ07,498.8444
FDC22,3101.501
FDZ56,2750.581
FDZ40,206.09836
FDS46,2974.3582
DRD24,2185.5469
FDV45,3118.999
FDL26,2435.4219
FDA56,1796.8662
FDN27,1783.6066
FDM20,3943.9604
FDO16,1380.8268
FDL03,3099.3472
FDE58,1863.2465
FDI02,2974.3582
NCC55,88.96465
FDR03,3227.1575
FDB14,1441.3529
FDR45,3943.9604
NCN07,2134.0898
FDM51,362.8637
FDT52,5959.4062
FDL26,2423.3042
NCZ42,3943.9604
DRI47,386.45682
FDW40,2185.5469
FDN34,2750.581
FDS01,2865.877
NCG55,1870.7048
FDC11,1345.8934
FDX35,3317.7231
NCB06,2599.9792
FDR09,705.3239
FDC53,1561.847
FDY45,4006.5715
FDA22,423.4322
FDE02,1570.3617
FDW21,1753.8281
FDV34,1213.7527
FDS59,1650.49
NCW17,2062.6147
NCK54,1870.7048
FDG17,681.3863
FDG35,2772.9568
FDD08,72.79859
NCO07,3667.8438
FDJ10,371.0352
FDW36,1650.49
FDW21,466.20184
FDY19,1863.2465
DRE03,796.61584
NCC55,709.74286
FDH52,186.17342
FDO09,3902.1724
FDU43,3930.6802
FDX09,414.2758
FDH40,308.85745
FDW58,1602.9899
FDC47,3873.7053
NCR41,1558.5986
DRG49,3943.9604
FDC52,3579.7366
FDY13,1218.9036
FDY35,709.74286
FDI35,3178.7605
NCU18,2185.5469
FDY33,2273.9517
FDC15,3637.4817
FDU01,3099.3472
NCU42,2744.2095
NCV29,2534.6887
NCY30,3114.8857
FDQ46,1856.7441
FDG58,3586.1582
FDK33,3562.3225
NCD07,1870.7048
NCX29,3586.1582
NCT42,2416.9326
DRN59,803.0375
FDI44,1346.8921
FDA45,2761.8303
FDP31,1031.6127
FDY01,1870.7048
FDT09,1893.0144
DRH03,2488.6558
FDA36,2714.556
NCF31,2416.9326
FDG14,2416.9326
FDG28,5893.343
FDU14,4006.5715
FDY47,371.0352
FDI56,1439.4504
DRD01,936.65936
FDM22,933.411
FDH33,709.74286
DRZ24,1870.7048
NCQ38,1650.49
FDO16,2114.9014
FDU07,3728.444
NCB07,3099.3472
FDU48,2178.0884
NCM43,2704.1245
FDR31,313.69934
DRK49,540.2181
NCI30,541.4324
DRD60,2872.2485
NCG19,3770.2632
FDH12,1650.49
FDM32,1421.9681
FDM27,2423.8408
NCU53,4189.1562
NCQ18,1561.9624
FDS10,2852.5967
FDB33,3781.7412
FDI12,1360.012
NCW42,3830.1956
NCC06,1788.4778
FDW02,2056.193
NCD43,1650.49
FDM57,1187.1235
FDA58,3816.1084
FDK56,3101.501
FDP52,4037.8706
FDW20,1752.7777
FDS52,1573.2921
NCT29,1630.4631
NCL54,2865.877
FDC05,3101.501
FDF34,3112.6274
FDP03,3189.707
FDD32,302.24527
FDZ10,2062.6147
FDZ40,936.65936
FDD51,533.79645
NCY30,425.40204
FDP58,3513.0378
FDV49,4000.2
FDY24,201.292
NCO55,1650.49
FDR13,1870.7048
FDS51,936.65936
FDP26,1644.0684
NCB54,3251.0227
FDF32,3118.999
FDN31,2714.556
DRM48,693.5768
FDN20,2730.9292
DRL01,3901.7966
FDV56,1650.49
DRH13,2526.8137
FDA03,2397.2307
FDF47,5604.1143
FDX32,2423.3042
FDX57,1558.5986
NCA30,3088.2207
FDO49,806.2858
FDL04,362.8637
DRM48,693.5768
FDR16,3513.0378
NCC19,2703.4294
NCE42,3755.603
FDY24,964.2019
FDH19,2852.5967
FDJ46,2865.877
FDN45,564.85376
FDY08,2185.5469
FDZ37,1361.7991
NCT30,806.2858
DRY23,540.2181
NCZ30,1796.8662
FDC44,1630.4631
FDB45,1570.85
FDY04,2704.1245
FDM27,2593.6077
FDZ43,3943.9604
FDT39,386.45682
NCC06,349.71713
FDL15,3586.1582
FDL57,4036.396
FDU08,1561.847
FDK40,4000.2
FDQ12,699.53815
FDS48,2423.3042
FDP09,3542.6707
FDW21,1665.1852
FDY25,2865.877
DRE13,1356.6482
FDV43,88.96465
FDD22,1856.7441
FDM46,292.80768
NCO30,529.6972
FDM25,2865.877
NCN41,2057.7175
FDU24,1439.4504
FDZ50,3128.166
FDP45,4006.5715
NCM54,2062.6147
FDW10,414.2758
FDP20,2055.1562
FDK32,2423.3042
FDN52,1360.012
FDM58,1781.1106
FDZ46,2910.4111
NCA18,1630.4631
FDD35,2057.7175
NCK31,806.2858
FDI40,2526.8137
FDT50,286.3418
NCT06,2704.1245
FDT31,3099.3472
FDT45,925.24084
FDT13,3118.999
FDO50,1437.9891
NCU18,371.0352
NCR54,3077.7495
NCO18,2534.6887
FDU09,936.65936
FDT13,2720.9275
FDE09,1856.7441
NCK53,362.8637
FDG45,3555.951
DRH15,703.3212
FDO21,682.82477
FDD14,5027.9033
FDC09,1650.49
FDH45,1104.4127
FDV32,1077.8708
FDG12,1870.7048
FDS32,2185.5469
NCL55,3561.2705
DRE01,3816.1084
DRE15,1340.3551
NCL42,3813.8828
FDP31,1031.6127
FDN33,1269.9257
FDZ59,2686.6265
FDE45,425.40204
FDJ07,1870.7048
FDQ45,2730.0945
FDM33,5504.5366
FDO15,303.09482
FDM46,1439.4504
FDR03,3674.2153
FDY49,2419.3926
FDQ60,1870.7048
FDW10,2772.9568
FDO51,709.74286
FDJ40,1480.9653
FDS20,2730.0945
FDU45,1870.7048
FDV02,2744.1594
FDN09,3950.332
NCM55,5023.491
FDN23,2131.4807
FDY31,313.69934
FDW03,491.8637
FDD14,3056.259
FDV23,2062.6147
DRI03,2859.4553
FDN13,1561.9624
FDF45,1738.823
FDU46,1356.6482
FDB57,3797.6306
FDV12,1558.5986
FDQ58,2416.9326
NCA18,1870.7048
FDH52,936.65936
FDM24,2131.4807
NCP43,4621.8135
NCO18,425.40204
FDM32,1421.9681
NCL07,693.5768
FDK03,4030.0244
FDP59,1570.85
FDQ24,4006.5715
FDQ16,1480.9653
FDU44,2593.6077
FDH28,88.96465
FDV28,72.79859
FDM22,933.411
FDR56,3107.8726
FDV39,3112.6274
FDU37,314.8578
FDQ11,781.3171
FDX02,3849.8474
NCS42,1266.5619
FDY57,2498.4412
FDB21,3816.1084
FDE28,3867.3337
FDQ55,1870.7048
FDA48,3731.326
FDZ19,2824.6274
NCC43,3872.0493
NCV18,1360.012
NCA42,2278.7065
FDY45,4006.5715
NCC30,2872.2485
FDM57,1356.6482
FDL09,417.6106
FDB09,3311.4856
FDT44,1870.7048
NCT06,4189.1562
FDX26,3134.5376
FDK32,2423.3042
DRA12,2185.5469
FDO46,535.5188
FDE52,1350.2266
NCH42,3995.1858
FDV08,709.74286
FDB47,3181.5964
FDC28,354.10324
FDD22,1870.7048
FDS07,3096.1367
DRI13,3562.3225
FDG32,3486.5154
FDU14,4006.5715
FDD28,209.46216
NCP41,1650.49
FDS08,2865.877
FDX47,2498.1597
FDC53,371.7557
FDQ19,3943.9604
FDL14,2416.9326
FDM33,549.47723
FDA51,1864.2832
FDZ27,630.3394
FDT04,709.74286
DRC13,2057.7175
FDR16,5392.3657
FDQ03,5992.965
FDE38,2744.2095
DRH23,1711.2877
FDT11,535.5188
FDD09,2865.877
FDR40,1356.6482
FDX07,3114.8857
FDR07,1515.5887
FDA51,1864.2832
FDT59,699.53815
FDF20,3112.6274
FDR13,1870.7048
FDY26,3704.6392
FDW04,2141.5483
FDK52,3934.4167
FDN60,2493.4048
FDM09,414.2758
FDP46,1353.3998
FDB50,314.8578
NCQ29,3902.1724
FDP16,6079.457
FDX33,2321.8657
FDP07,529.6972
FDN22,3888.892
FDF39,4006.5715
FDS21,933.411
NCM42,1650.49
FDK50,426.58884
DRF13,3586.1582
FDH35,2369.5713
FDP60,1389.074
DRJ49,3251.0227
NCT42,386.45682
FDE38,2744.2095
FDI04,3112.6274
NCH54,2498.1597
FDT56,936.77484
DRD15,3440.7812
FDV58,2924.6953
FDP21,3112.6274
FDH05,3832.7102
FDR10,4189.1562
NCP06,2356.152
FDF33,1650.49
DRK37,3112.6274
DRH49,1353.3998
FDT58,2744.2095
FDD41,1480.9653
FDP40,1573.8253
FDM51,2526.8137
FDO45,305.49365
FDW33,362.8637
FDY24,960.8381
FDB10,575.56885
FDM40,2185.5469
NCI06,2865.877
FDW12,309.6896
FDX48,3586.1582
NCW05,2526.8137
FDX27,1544.6708
DRM37,3107.8726
FDA38,3943.9604
FDR36,709.74286
FDZ45,3118.999
FDG05,2714.2786
FDK28,4030.0244
FDV47,1353.3998
FDN21,2580.3274
FDP20,3351.5125
FDI35,3178.7605
DRY23,709.74286
FDA56,2057.7175
FDB09,2057.7175
NCO26,2974.3582
FDQ49,2169.9788
FDI52,3189.707
FDZ44,3096.1367
FDZ09,2378.0967
FDY03,1870.7048
NCG42,2134.0898
DRI13,5369.9336
FDQ32,2062.6147
FDW16,1432.8383
FDU27,806.4013
FDR28,426.58884
FDQ49,394.5702
FDS37,1870.7048
FDW26,3214.2678
FDX12,3456.3845
NCP06,2356.152
FDW45,320.07098
NCN30,1558.5986
FDN24,928.6047
NCL41,1057.3477
FDR02,363.659
FDD09,425.40204
FDS33,305.49365
FDU22,1870.7048
FDI53,2686.6265
DRH01,2861.122
FDX32,2185.5469
NCP30,540.2181
FDB60,3112.6274
FDB14,1441.3529
NCP02,936.65936
FDJ10,2185.5469
FDG34,1781.1106
NCB18,1353.3998
FDM16,1213.7527
FDW25,1211.3021
FDB35,292.80768
DRN11,2185.5469
FDF41,808.9723
FDH16,1356.6482
NCQ50,3095.6128
DRH23,767.25006
DRJ37,2416.9326
DRJ24,5012.3647
FDY16,3073.6362
FDQ27,1779.49
FDZ33,2416.9326
FDF29,2185.5469
FDA08,2697.753
FDG31,1074.5071
FDE34,540.07996
NCR30,1912.755
FDV33,4000.2
DRZ24,1757.592
NCL54,2865.877
FDR12,2865.877
NCC54,3822.48
DRN59,803.0375
FDX50,347.6816
FDV31,4737.3984
NCA29,4621.8135
FDW60,2865.877
FDX08,3128.166
DRD49,3816.1084
FDD33,3923.2988
FDW35,709.74286
FDJ36,1650.49
FDV51,2713.6873
FDW36,1650.49
FDH35,2684.4727
NCS30,3310.0361
FDN49,709.74286
FDL08,3352.8674
FDI09,3722.763
FDP19,1874.87
FDU21,72.79859
NCP41,1650.49
FDY10,1870.7048
FDP12,524.052
NCN26,1870.7048
FDK44,2861.122
FDC28,1650.49
FDJ41,5934.0737
NCT29,2057.7175
NCH42,699.53815
FDU60,2399.7407
FDS02,3101.501
FDC51,2051.296
FDU03,3073.6362
FDX39,3635.026
NCY05,72.79859
NCL06,5934.0737
FDD32,1343.5283
NCN41,2057.7175
NCX53,2178.0884
FDU57,386.45682
FDQ23,1650.49
FDQ52,3908.544
FDC14,714.8937
FDY09,2872.2485
FDQ28,2435.4219
FDV25,3663.7856
FDJ07,1870.7048
DRB25,1650.49
FDK52,570.67535
FDY52,1824.0275
FDB28,3071.378
FDT36,693.5768
FDV25,3843.4758
NCN07,3310.0361
FDC57,3099.3472
FDQ03,3450.9
FDU23,2744.2095
NCX41,3542.6707
NCD06,809.64966
FDW08,1650.49
NCU29,2416.9326
NCE06,2552.3582
FDV52,366.75903
FDB02,2865.877
NCR18,709.74286
FDK16,1561.847
NCQ29,705.3239
FDZ01,368.0145
FDW27,2487.0332
FDD17,3469.6648
FDW39,2865.877
DRH59,1168.7397
FDS52,1650.49
FDU40,5326.431
NCF54,2872.2485
FDH46,1650.49
NCP14,1650.49
FDH50,3118.999
DRF15,374.2136
FDV27,2352.2212
NCJ06,2010.9852
FDN02,3187.968
FDQ51,803.0375
FDQ07,3818.0608
FDS45,1779.49
NCJ06,2050.2593
FDD36,1870.7048
FDY25,3128.166
FDU52,2416.9326
DRK47,3995.1858
NCL30,2055.1562
FDN22,3888.892
NCF30,3266.2192
FDK03,4030.0244
FDT45,933.411
NCC54,5912.602
FDP08,2653.519
FDU44,2697.753
DRG39,918.8192
FDU32,2057.7175
FDY27,2859.4553
NCP54,2057.7175
NCZ41,2055.1562
DRL49,2238.6895
FDI05,1135.034
FDY56,4001.5574
DRC13,2057.7175
NCV29,2865.877
FDR24,1432.8383
FDZ34,2714.556
FDP37,2062.6147
FDX08,4748.525
FDS57,2185.5469
NCG18,1650.49
FDK25,2401.8945
FDH53,1332.6583
DRI59,3356.8433
FDA52,2861.122
FDT20,88.96465
FDE36,426.58884
FDI24,2865.877
FDB28,2673.3064
FDV11,2865.877
FDP01,2356.152
FDD34,4189.1562
FDJ50,1452.6897
FDZ44,1870.7048
DRO59,1213.7527
DRB48,709.74286
FDR21,2521.4084
NCE42,558.20056
FDO23,1436.202
NCE30,3094.7039
FDQ22,693.5768
FDY01,1870.7048
FDS08,2865.877
FDG28,3352.8674
FDQ51,633.5127
FDB05,3982.5356
FDO56,1870.7048
FDE02,1271.7128
FDN45,3718.0457
FDS09,806.2858
NCA54,2541.0603
FDP09,535.9352
FDC53,1561.847
NCM55,3118.999
FDL09,2388.6143
FDA11,289.44388
FDA50,1555.5408
FDC23,2872.2485
FDE22,2593.6077
FDD23,3112.6274
NCA29,2865.877
FDK38,2416.9326
DRC13,2057.7175
NCP43,2872.2485
FDX28,1565.2108
FDF08,1432.8383
FDZ33,2416.9326
FDD10,2805.0964
FDO58,2684.4727
FDI50,3995.1858
FDO58,2684.4727
FDX08,2865.877
NCK17,88.96465
FDF39,4006.5715
FDU45,359.02588
NCJ18,1630.4631
DRC27,458.77158
DRC25,1380.8268
FDU59,2582.4812
FDU28,3099.3472
NCP30,698.8728
FDB39,760.71295
FDE41,1356.6482
DRH11,209.46216
FDA58,3816.1084
FDU50,1864.2832
FDM34,2134.0898
FDM44,2557.713
FDR39,3067.3855
FDM25,2865.877
FDQ49,2415.77
DRH25,755.71606
FDM09,4621.8135
FDL44,415.0241
NCR42,524.052
DRL59,925.24084
FDX43,2744.2095
DRK47,588.6699
FDU48,1885.556
FDY12,809.64966
NCN43,1796.8662
NCM55,2736.466
FDQ21,3189.707
FDX13,4000.2
NCK30,5934.0737
FDG20,2861.122
DRG27,703.3212
FDY14,3587.0686
FDP59,1570.85
FDU60,2730.9292
NCC18,414.2758
DRJ39,3542.6707
FDS07,1870.7048
FDM08,5869.267
FDP51,2018.4436
FDU16,1353.3998
FDH12,1650.49
DRE48,535.5188
NCL42,5959.4062
FDR21,2852.5967
NCW29,2185.5469
FDO11,4000.2
NCM31,2185.5469
FDV35,394.73022
FDF58,936.65936
NCE43,2733.083
FDA02,2400.841
DRL37,88.96465
FDR24,1263.3135
FDW59,1356.6482
FDS22,709.74286
FDW24,806.2858
FDU24,1565.2108
FDA21,5023.491
FDH58,2974.3582
FDW36,1480.9653
FDI45,4748.525
FDU01,2701.2756
FDF35,2526.8137
FDU43,575.56885
FDE24,313.69934
FDK50,2697.753
FDG31,1074.5071
FDC60,1542.7886
FDL36,1432.8383
FDP21,3112.6274
FDW16,1432.8383
FDX02,3849.8474
FDQ58,3586.1582
FDT51,1781.1106
FDD59,1346.7767
NCM42,1480.9653
FDA57,540.2181
FDZ48,1856.7441
FDE46,2403.6523
NCZ30,342.8354
FDB56,3112.6274
FDA25,2531.9644
FDD20,2057.7175
FDL25,1439.4504
NCO18,2865.877
FDJ45,693.5768
FDR12,2744.2095
NCF19,173.44366
FDK25,2733.083
NCR17,1870.7048
FDC52,2410.511
NCA54,2872.2485
FDR45,681.3863
NCM19,1870.7048
FDF39,5590.0015
FDX23,1561.847
FDD58,2518.66
FDX28,1650.49
NCD31,2697.753
FDU57,2131.4807
FDI27,799.8642
NCM42,1650.49
FDD32,2135.9292
FDI34,3947.697
NCM29,2141.5483
FDG46,1630.4631
DRC01,173.44366
FDB15,5887.2695
NCA17,3586.1582
FDF10,2423.3042
FDR26,4615.392
FDI02,1856.7441
NCM54,349.71713
FDF14,2416.9326
FDJ33,342.8354
FDM20,3827.163
FDC03,5326.431
NCX05,1870.7048
NCM41,2431.6594
NCU29,386.45682
FDQ59,1356.6482
FDH46,362.8637
FDH09,806.2858
NCD06,809.64966
FDC15,2404.139
DRD37,1175.3442
FDT28,3586.1582
FDR28,4189.1562
FDT38,1346.9781
FDV34,1972.0051
FDY52,1029.9563
FDB34,1353.3998
DRL23,1480.9653
DRB24,2416.9326
FDJ50,941.8102
FDQ49,2403.6523
FDP20,2050.2593
FDV19,4041.2402
NCR54,3077.7495
FDO09,705.3239
FDS57,1893.0144
FDN10,1870.7048
FDV23,2057.7175
FDY28,3513.0378
DRG51,2691.3313
FDD45,292.80768
NCL18,5315.3047
NCM29,2185.5469
FDF17,5326.431
FDE22,2697.753
FDQ22,693.5768
FDS01,2865.877
FDW35,1073.5137
FDJ33,2057.7175
NCF54,2872.2485
FDE09,1650.49
NCE06,2656.5034
DRH49,1343.5283
FDY43,2739.4546
NCT05,4000.2
FDZ34,3112.6274
FDL38,1358.5507
FDZ31,3107.8726
FDR14,933.60156
NCN54,1332.6583
NCC42,3310.0361
FDK08,1561.847
FDP59,1570.85
FDV22,2504.5312
FDD33,3787.2249
DRE60,5963.827
FDK52,3934.4167
FDA02,2416.8826
FDM56,1650.49
FDE57,2185.5469
FDM32,1421.9681
NCQ30,3178.669
FDQ27,2526.8137
FDT60,3189.707
FDU43,3930.6802
NCO55,1650.49
FDG02,3112.6274
FDJ28,3112.6274
FDP40,1856.7441
FDJ38,3112.6274
NCC54,3822.48
NCZ41,2050.2593
FDK38,386.45682
FDU52,2416.9326
FDC40,1204.0826
NCR30,1199.6342
NCN18,1856.7441
FDB50,1355.2914
FDG04,3112.6274
FDR26,2798.6748
NCT17,2714.556
FDX35,5821.4575
FDS12,2062.6147
NCZ29,3266.2192
FDB38,413.7262
FDP12,693.5768
FDP22,853.3889
FDS26,3480.9949
FDR52,3112.6274
DRJ13,2647.8933
FDU48,3310.0361
FDE29,940.0232
NCT29,2057.7175
DRK37,2714.556
FDK55,1353.3998
FDR07,1515.5887
FDO21,5742.5557
FDK46,4030.0244
FDB12,1650.49
FDT31,5064.042
FDJ33,2057.7175
FDC26,2778.9282
NCQ02,3112.6274
FDP08,512.3435
FDB11,5621.233
FDV55,2423.3042
FDW20,2002.7592
NCJ18,371.4168
FDC41,1044.3434
FDE14,2531.9644
FDG35,2772.9568
FDF45,933.411
FDS19,2135.9292
FDS58,407.94867
FDA26,3663.7856
FDM32,1342.5297
FDL45,2062.6147
FDZ55,2593.6077
FDY37,2185.5469
FDO46,3112.6274
FDQ60,1870.7048
FDA19,1874.87
FDL15,2423.3042
FDM10,3086.1785
NCL05,709.74286
DRK49,88.96465
NCE18,5934.0737
FDG40,693.5768
DRI59,3843.4758
FDK28,4030.0244
NCD06,176.80746
FDO11,752.0424
FDK27,1870.7048
FDT43,1343.1564
FDD38,1486.1162
FDA16,3653.097
FDL14,3586.1582
NCM17,709.74286
FDD20,2057.7175
FDA40,1353.3998
FDL43,1346.7767
FDV15,1650.49
FDE52,1429.665
NCL17,309.6896
NCJ31,3802.8281
FDR60,1346.8921
NCA18,1870.7048
FDS21,1824.0275
FDW09,1343.5283
FDL26,2423.3042
FDS47,1266.6772
FDC39,3561.4575
FDT51,1781.1106
FDK40,4000.2
NCG19,3770.2632
FDZ07,936.77484
FDF08,2462.5586
FDO04,933.411
FDK41,1187.2389
FDP15,3988.9072
NCD43,1480.9653
NCP18,2416.9326
FDZ51,1436.0867
DRH13,1650.49
FDF38,714.8937
NCI43,803.0375
FDM38,1716.4386
FDS03,1074.5071
DRJ47,2852.5967
FDT50,286.3418
FDV02,2865.827
NCG18,1650.49
FDW52,2704.1245
FDS40,693.5768
FDN31,3112.6274
FDA37,2057.7175
FDA15,4000.2
FDL39,2865.827
FDJ53,2057.7175
FDX22,3667.8438
NCZ42,3943.9604
FDD56,4737.3984
FDD40,3099.3472
FDS50,3670.1572
NCN14,3114.8857
FDT15,3128.166
NCS18,2526.8137
NCO26,372.98657
FDF58,767.1346
NCB19,1360.012
FDH26,2178.0884
DRB24,3586.1582
FDA49,1189.026
FDB32,1547.7286
FDI36,3112.6274
NCA17,374.40768
FDH22,2057.7175
NCM26,2081.5703
FDT15,5039.03
FDB16,1180.7019
NCP54,3189.707
FDJ36,1650.49
FDO28,1870.7048
FDU09,936.65936
FDF29,2062.6147
FDY08,2185.5469
DRJ59,524.052
FDT23,2105.03
FDU15,524.052
FDT47,1665.1852
FDI53,426.58884
FDR59,3567.642
FDD53,709.74286
FDY51,3621.3103
FDT04,709.74286
FDU51,2841.4702
FDG14,2416.9326
NCU06,4010.0337
DRG25,3112.6274
DRH49,1353.3998
FDN15,2185.5469
FDL43,1044.228
NCT18,3134.5376
NCB31,3902.1724
FDK57,1870.7048
FDY04,426.58884
NCP54,2057.7175
FDF41,3816.1084
FDM01,1650.49
FDW03,1779.49
FDF28,2057.7175
FDY37,2185.5469
FDQ03,3902.8433
FDP51,2974.3582
FDJ40,1781.1106
FDC32,1436.202
DRI49,2108.3938
NCW54,940.0232
FDF09,693.5768
FDP45,3537.8176
DRJ23,2701.2756
FDS59,1781.1106
FDY08,2185.5469
FDX16,2423.3042
FDY16,2675.5647
FDK32,2423.3042
FDQ22,709.74286
NCC31,2137.8613
FDG58,2416.9326
DRF48,3112.6274
DRH36,1165.4913
NCR30,1199.6342
FDB03,575.56885
FDZ28,3266.2192
FDR35,3112.6274
DRD15,5930.5225
FDJ33,342.8354
FDA56,371.4168
FDP56,806.2858
NCT30,806.2858
FDK15,1565.2108
FDH44,2118.2004
FDV01,2403.6523
DRG03,2416.8826
FDG50,2436.81
FDR16,498.8444
FDZ60,1602.9899
DRG03,2416.8826
FDS56,3614.7036
FDU33,809.64966
DRD27,1552.177
FDW22,3843.4758
DRA24,2684.4727
FDF38,714.8937
FDX48,2423.3042
FDS58,2278.7065
FDC32,1436.202
NCQ29,3902.1724
DRK39,1180.7019
NCS38,1870.7048
DRO47,1856.7441
DRG27,1067.092
FDC57,5507.3545
FDS55,2416.9326
NCJ06,1623.0048
FDO01,336.29758
NCM55,3118.999
FDC52,2410.511
FDQ15,1336.0221
NCT30,1312.2573
NCR42,1057.3477
FDD28,936.65936
FDQ34,1650.49
FDZ12,3310.0361
DRE13,305.49365
NCN07,371.0352
FDM28,2872.2485
FDI10,2865.877
FDQ25,2744.2095
FDA38,681.3863
DRI13,3562.3225
FDY20,2462.5586
NCZ53,3112.6274
NCM31,2407.2627
DRB01,3112.6274
DRF37,3988.9072
NCF42,2861.122
FDF16,2131.4807
FDB41,806.4013
FDR34,4001.5574
FDR15,2137.8613
NCV42,359.02588
FDW51,3513.0378
FDU36,1561.847
FDX60,1343.5283
FDY03,1870.7048
FDW55,4192.771
FDT01,498.8444
FDG58,2416.9326
FDK21,4000.2
NCS41,498.83063
FDS10,3120.627
NCT53,2697.753
FDJ28,2714.556
FDX44,1356.6482
FDT20,540.2181
FDO44,1650.49
NCX17,3627.751
FDY01,1870.7048
FDJ12,5626.7173
DRK35,524.052
FDD47,423.4322
NCM53,1650.49
FDO45,1356.6482
NCM42,370.08063
FDE04,2852.5967
NCI30,5893.343
FDZ19,2824.6274
FDW57,2854.7505
FDA25,1655.6409
FDT22,940.0232
FDP51,1870.7048
FDD48,2974.3582
FDY39,3128.166
FDO48,689.1964
FDD23,5023.491
DRN35,1057.3477
FDT01,3513.0378
FDC20,206.09836
DRJ35,936.65936
FDB32,1421.9681
FDL24,2865.877
NCV42,1870.7048
FDZ46,1650.49
FDC15,2404.139
FDD08,72.79859
FDY50,1429.665
FDD36,1870.7048
FDG57,1343.1564
FDL21,540.2181
FDN16,2526.8137
FDJ09,1175.3442
FDS01,425.40204
FDV33,4000.2
DRE12,1870.7048
FDR07,1515.5887
FDP48,540.07996
NCB55,936.77484
FDQ08,933.411
FDR34,4001.5574
FDO33,1856.7441
FDP13,714.8937
FDX12,3930.6802
NCT06,2713.6873
FDR16,541.7568
FDE36,2697.753
FDZ36,3112.6274
FDV13,1358.5507
NCZ17,693.5768
FDU56,3134.5376
FDM09,2865.877
FDV02,2865.827
FDS34,1623.0048
FDA11,1561.847
FDP09,3752.1394
FDB29,2974.3582
FDT19,2865.877
DRH15,703.3212
FDY38,3787.2249
FDF14,3586.1582
FDN48,292.80768
FDQ12,3995.1858
NCJ43,2865.877
FDE17,386.45682
FDB05,3982.5356
FDH10,2924.6953
NCR06,709.74286
FDU32,1796.8662
FDD56,2861.122
FDO36,2521.4084
FDH16,292.80768
FDX10,524.052
FDZ37,1361.7991
FDU31,541.7568
DRC49,2185.5469
FDL15,2423.3042
FDN32,535.5188
DRH59,1912.755
NCU29,2416.9326
FDR37,540.07996
FDS14,2176.8374
FDU02,5963.827
FDJ08,3101.501
NCZ06,3826.204
FDO31,1346.7767
FDH31,1480.9653
FDS58,2593.6077
NCA53,1312.2573
FDF50,3112.6274
NCW42,3830.1956
NCQ17,2423.8408
FDK51,3554.1865
NCW41,400.56458
NCR29,936.65936
FDB08,400.39178
FDA40,2118.2651
FDL14,2183.259
FDB47,3628.6543
FDO03,3995.1858
DRK13,524.3926
FDX13,867.30115
FDF52,3128.166
FDT11,3112.6274
FDB08,2593.6077
FDQ28,2144.233
FDD29,4000.2
NCQ29,5887.2695
NCO02,1074.5071
FDR56,530.7642
NCM54,2057.7175
FDP51,1870.7048
FDT38,1346.9781
FDZ20,3621.0752
FDJ53,2018.4436
FDX13,4000.2
FDP58,3620.8726
NCK31,199.09195
FDA35,1796.8662
FDV37,2714.556
NCO07,5369.9336
FDA20,3112.6274
FDZ59,2733.083
NCY17,709.74286
FDQ28,2423.3042
FDV35,2403.6523
FDQ36,693.5768
FDD34,2382.8516
FDK51,3954.3547
FDV31,2854.7505
FDR04,1561.847
FDR14,933.60156
DRC36,425.40204
FDE39,336.41376
FDP57,1650.49
FDE57,2185.5469
NCN18,1781.1106
NCQ05,2131.4807
FDW47,1870.7048
FDV46,2178.0884
NCP29,1062.8295
FDE09,1573.8253
NCU06,6010.6313
FDT19,414.2758
DRF15,2397.2307
DRI51,2744.1594
NCX54,1650.49
DRE01,3816.1084
NCB07,3099.3472
FDU50,1864.2832
FDG40,693.5768
FDW10,2452.6387
FDX51,3112.6274
NCP17,1071.2587
FDP21,3112.6274
FDL04,1650.49
FDV23,2057.7175
FDF24,1343.5283
FDH56,3096.1367
FDB51,930.23773
FDI58,2495.0774
FDR20,803.0375
FDC51,1790.4446
FDB16,2108.4797
FDE40,930.3532
NCM17,709.74286
FDU56,3118.999
FDS32,371.0352
FDX02,3849.8474
FDT39,3586.1582
FDE35,936.65936
NCI42,653.6497
DRL23,1650.49
FDA10,2002.7592
FDA11,1561.847
NCM06,2416.9326
NCT05,4000.2
NCQ02,535.5188
NCY06,2141.5483
FDY56,3849.8474
FDL02,1655.6409
NCI06,2865.877
FDQ14,2410.511
FDQ12,3995.1858
FDP36,809.64966
FDK21,5934.0737
FDO40,2423.3042
NCK54,372.98657
FDY09,2541.0603
NCW30,4000.2
NCC55,1057.3477
FDE58,1623.0048
FDR39,3067.3855
FDU28,3058.0977
FDH08,3995.1858
FDG35,2772.9568
FDG22,693.5768
FDC34,2493.4048
FDP15,3542.5056
FDK34,681.3863
FDU45,1870.7048
FDQ04,1073.5137
FDX22,3220.786
FDB45,1570.85
NCH43,5369.9336
DRE60,3731.326
FDD17,5959.4062
NCM54,2062.6147
NCH55,2062.6147
NCT06,2704.1245
FDA48,5695.7515
FDY58,6010.6313
FDO25,3561.4575
FDN50,1563.7495
FDH35,2684.4727
FDK09,3843.5823
FDO16,1380.8268
FDW11,1074.5071
FDU47,3310.0361
NCQ42,343.4896
FDK55,2431.6594
FDN08,1870.7048
FDT57,3950.332
FDJ12,3181.5964
DRL59,850.0251
NCN53,734.504
FDO51,88.96465
FDK56,3101.501
FDY12,931.853
FDU15,693.5768
FDQ19,3943.9604
DRF15,2397.2307
DRE25,292.80768
FDK57,1630.4631
FDD33,545.2836
FDR34,6010.6313
FDU04,2057.7175
FDE35,206.09836
NCD31,2697.753
FDJ56,1565.2108
NCU53,2697.753
FDD39,3562.3225
NCU17,362.8637
FDJ20,2002.7592
NCW41,2189.6306
FDL52,709.74286
FDS39,2185.5469
DRJ47,2852.5967
FDP13,94.11546
DRK39,299.07202
FDF28,349.71713
FDB09,2057.7175
FDM51,1561.847
DRM49,640.1249
DRF23,2854.7505
DRH01,2861.122
FDH12,2526.8137
FDA28,342.8354
FDW37,1271.8281
FDF02,1655.6409
DRL37,709.74286
NCF43,2185.5469
FDH08,699.53815
FDR34,699.53815
NCK19,3071.378
NCD55,540.2181
FDT27,3915.077
FDQ57,2416.9326
FDA47,2686.6265
DRG15,1817.6058
FDE05,2131.4807
FDN46,1650.49
FDX27,2428.6016
FDT51,1781.1106
FDU33,709.74286
FDJ16,1711.2877
FDD20,342.8354
FDT36,693.5768
DRF15,3579.7366
FDN52,308.85745
FDC22,5369.5166
FDX15,2588.8528
FDT13,3118.999
FDU04,2057.7175
FDU31,541.7568
FDW59,2114.9014
NCO29,2697.753
FDL15,2423.3042
FDI41,2403.6523
FDQ48,1558.5986
DRI39,930.3532
FDI08,4100.002
FDC21,1781.1106
FDF58,1029.9563
FDS08,414.2758
FDE47,2057.7175
NCP18,386.45682
NCR41,1558.5986
FDA27,3906.8545
FDA43,3112.6274
FDA49,1358.5507
NCE55,2534.6887
DRM49,1178.708
FDF22,5369.9336
FDQ15,1177.3674
NCS54,2865.877
NCY05,693.5768
FDR45,3943.9604
FDK57,2057.7175
FDF41,910.0868
FDV21,2062.6147
FDD51,803.228
FDF33,1650.49
FDA38,3943.9604
FDR56,3107.8726
NCN41,2057.7175
FDC60,2355.585
FDB47,3628.6543
DRH01,2861.122
FDW08,1650.49
FDF38,1078.6646
FDY32,2686.6265
FDG34,1650.49
FDG47,705.3239
NCF18,3220.018
FDL39,407.85416
NCH55,2062.6147
DRJ35,936.65936
FDS44,3816.1084
DRE01,3560.8943
FDY39,3128.166
FDY32,2371.725
FDR33,2910.4111
NCP50,1343.5283
FDZ47,1389.074
FDU57,2416.9326
FDY44,3118.999
DRH59,1044.228
FDB03,5912.602
FDY46,3099.3472
FDM39,2859.4553
FDY36,1213.7527
NCM55,3134.5376
FDJ50,203.07903
DRL60,2416.9326
NCJ54,3915.077
FDX59,693.5768
FDI07,3112.6274
DRF51,82.54303
FDM14,1655.6409
FDP21,3112.6274
FDE40,1068.2008
FDE05,2416.9326
FDM13,3310.0361
FDC34,3643.9033
NCI55,1789.4078
NCE43,2401.8945
FDW58,1444.3352
FDG60,3850.615
FDV31,2854.7505
FDR47,3118.999
FDM60,88.96465
NCF06,3531.446
NCN26,2974.3582
FDQ59,1356.6482
FDF09,693.5768
NCS06,4000.2
FDT44,1870.7048
FDI19,3950.332
FDT22,940.0232
NCF54,4621.8135
DRG25,3112.6274
FDB59,3099.3472
FDQ37,3010.5974
FDP56,806.2858
FDW44,2865.877
FDJ26,505.21603
FDU43,3456.3845
FDW33,1650.49
NCX53,3310.0361
FDN56,386.45682
DRF15,2397.2307
FDO33,1870.7048
FDZ39,362.8637
NCJ19,936.77484
FDU01,3114.8857
FDT12,3843.4758
NCM18,767.1346
FDP19,2062.6147
NCR42,693.5768
FDN10,1870.7048
FDG44,940.0232
FDQ10,2865.877
DRH13,1650.49
FDT52,3943.9604
FDM56,1781.1106
NCO43,466.20184
NCV29,2865.877
NCF06,4000.2
FDO50,1437.9891
FDT59,3995.1858
FDX40,1057.3477
FDE50,3099.3472
FDX51,3112.6274
NCD30,1389.074
FDK15,1640.4121
FDL12,936.77484
FDK46,4030.0244
DRH49,303.09482
FDQ57,2416.9326
FDY59,1436.0867
FDO09,3652.5
NCG30,2055.1562
FDM09,2744.2095
NCN17,2526.8137
NCS42,1436.0867
FDD02,372.98657
FDE34,3117.0396
FDU38,3112.6274
FDB33,2504.5312
NCJ29,1356.6482
FDZ27,799.8642
FDI40,1565.2108
FDG22,693.5768
FDT51,1781.1106
FDF20,2714.556
FDV50,2051.296
FDT02,687.15515
DRC49,2416.9326
FDF26,2416.9326
FDV52,1815.7462
FDX59,693.5768
FDV25,3843.4758
FDW23,1073.5137
FDE53,1480.9653
FDA19,2141.5483
FDH22,2062.6147
NCO41,1561.847
FDX12,3930.6802
FDF17,3112.6274
FDS11,3843.4758
FDR51,2416.9326
FDT49,368.0145
FDC56,2018.4436
FDR13,2974.3582
FDQ60,2018.4436
FDN38,3872.0493
NCL29,2487.0332
FDO13,4189.1562
FDE26,2114.7302
FDA31,414.2758
FDX14,1207.331
FDA34,2865.877
FDF26,2416.9326
FDE38,2744.2095
DRI11,1870.7048
FDQ60,2974.3582
FDL21,1073.5137
DRC12,5380.643
FDC47,3873.7053
FDE57,2185.5469
FDT14,2012.022
NCZ53,3112.6274
FDE28,3612.1196
FDR19,2369.3906
NCF54,425.40204
FDZ08,1350.1405
NCJ05,2118.2004
FDF59,2062.6147
NCO05,1637.0483
FDW24,636.76105
NCX42,2376.1272
NCA53,806.2858
FDI45,425.40204
FDG46,1870.7048
FDM20,681.3863
FDW11,206.09836
FDX08,2865.877
NCK17,709.74286
FDK32,2137.8523
NCA42,2593.6077
DRI01,2865.877
NCL55,4000.2
DRE25,1389.074
FDD14,3056.259
FDB10,3943.9604
DRN11,2416.9326
FDP38,641.91187
NCA30,3088.2207
FDT15,3128.166
NCP55,763.8862
FDF12,2416.9326
FDM21,3584.011
FDX56,3635.026
FDF10,2423.3042
FDT32,3099.3472
FDM51,1480.9653
NCR50,2118.2004
FDI19,3950.332
FDX21,1650.49
FDR31,2416.9326
FDY02,3982.5356
NCA29,2865.877
NCX17,3598.8674
FDM12,3118.999
FDI53,3903.4023
NCU30,2697.753
FDC56,3300.4475
FDK27,1796.8662
NCK18,2744.2095
FDB52,811.14136
DRG25,5023.491
FDZ13,861.7881
FDB57,682.82477
FDR40,1356.6482
NCO14,88.96465
NCN19,3112.6274
FDQ28,386.45682
FDO13,2382.8516
FDK48,1346.7767
FDU07,2131.4807
FDW20,2002.7592
FDV12,296.66998
FDH24,2532.8271
FDV59,3555.951
FDK57,2018.4436
FDL16,1178.708
NCQ17,2423.8408
FDJ15,2714.556
FDX24,1436.0867
FDT47,1665.1852
FDT10,933.411
FDZ37,1192.2744
FDW43,6137.343
DRN36,1558.5986
FDJ14,1351.9276
FDA32,3562.3225
FDJ38,535.5188
FDQ57,2416.9326
NCQ41,535.5188
FDG56,936.65936
DRC13,3189.707
FDV55,2423.3042
FDQ49,2484.8794
FDE29,209.46216
FDR03,3674.2153
FDD45,1436.0867
FDN38,646.225
FDT56,936.77484
FDT48,3112.6274
FDU03,2811.3472
FDC56,372.98657
NCO43,2518.66
FDQ27,1753.8281
FDR03,3674.2153
DRH23,206.21378
FDG22,709.74286
NCJ42,1650.49
FDR24,1432.8383
FDW60,2865.877
FDJ08,3101.501
DRL59,680.5003
FDG60,517.1098
FDW27,2429.0503
FDX14,1170.8304
FDC20,936.65936
NCS29,3561.2705
FDJ56,1640.4121
FDB20,309.707
FDL28,6010.6313
FDW01,2137.8523
FDL03,3099.3472
FDX22,3667.8438
FDJ21,2423.3042
FDR31,2416.9326
FDG21,2423.3042
FDS22,1073.5137
FDK08,1565.2108
FDE17,2118.2004
NCN30,1558.5986
FDT50,1558.7892
NCX42,2697.753
FDJ12,3628.6543
NCA18,2974.3582
FDP23,541.7568
FDX12,3930.6802
FDN40,2131.4807
FDV48,1346.7767
NCY54,2854.7505
FDL16,176.80746
FDR45,3469.6648
FDJ52,2593.6077
DRG01,1343.5283
FDP52,4037.8706
FDU58,3112.6274
FDL02,1655.6409
FDG28,3943.9604
FDA19,2062.6147
FDW46,1849.3105
NCD43,1650.49
DRG39,843.60345
NCF55,693.5768
FDJ07,1870.7048
FDE08,2403.6523
FDP56,173.44366
FDT45,925.24084
FDF17,2714.556
FDX44,1356.6482
FDM28,4621.8135
FDI36,3112.6274
FDS07,1870.7048
FDD36,1870.7048
FDW11,936.65936
FDN40,2416.9326
NCQ18,1561.9624
NCQ54,2750.581
NCS42,1436.0867
DRH39,300.037
FDC09,2557.713
FDT08,386.45682
FDC08,3800.5098
FDT20,693.5768
FDS35,1077.8708
FDX58,2730.0945
FDW58,1602.9899
DRD27,1552.177
FDH32,292.76343
FDS26,3847.9407
FDQ31,1356.6482
FDP11,3226.105
FDD58,1561.847
FDM33,3530.536
FDZ16,3107.8726
NCS29,731.12213
NCM18,209.46216
FDP11,3659.4685
NCC42,2185.5469
DRM23,2861.122
NCN55,5959.4062
FDK46,4030.0244
FDR01,3112.6274
NCA05,2356.152
NCP43,2872.2485
FDR12,434.55844
FDQ01,3856.3271
FDM13,2185.5469
FDQ19,3943.9604
FDK56,524.3926
NCX06,546.4516
FDO56,3096.1367
FDU45,1870.7048
FDI16,209.46216
FDL32,1870.7048
FDA07,2057.7175
FDA14,2416.8826
FDV46,3310.0361
NCO07,3555.951
NCP41,1650.49
FDY60,1893.0144
FDN38,3872.0493
FDO15,1210.5043
FDT60,2057.7175
FDA55,3849.8474
FDE02,297.9142
DRJ39,3617.9404
FDV34,1213.7527
FDS20,5165.741
FDF02,2531.9644
FDW40,2185.5469
NCB43,3088.2207
FDR58,1436.0867
DRJ59,709.74286
NCD30,1558.5986
FDE14,1563.7495
FDC28,1480.9653
FDU16,1183.8751
NCD19,936.65936
FDU21,693.5768
FDV59,5369.9336
FDU03,3114.8857
FDC33,539.10803
NCR42,693.5768
DRH59,1213.7527
NCM31,2185.5469
FDS50,3849.8474
FDP39,928.4892
FDQ55,1870.7048
FDV36,342.8354
FDI05,2108.3938
FDS45,2526.8137
FDA39,709.74286
FDC37,370.08063
FDJ60,4331.1616
DRQ35,2057.7175
NCJ06,1863.2465
NCY42,2131.4807
DRM37,3118.999
FDR14,850.21564
FDE51,703.3212
FDT33,2744.2095
FDR08,1863.2465
FDE36,426.58884
FDL22,289.44388
FDR44,2185.5469
FDI56,292.80768
FDE47,349.71713
FDV27,289.44388
FDV10,709.74286
FDC40,1337.1067
NCX41,3654.5635
NCQ38,2526.8137
FDV12,2526.8137
FDE52,1350.2266
FDG20,4737.3984
FDV16,1057.3477
FDI32,1870.7048
FDJ32,936.65936
FDN39,2399.7407
FDY34,2744.2095
FDC14,714.8937
FDA55,3849.8474
FDZ50,573.1766
DRG13,2704.1245
FDP01,2356.152
NCG54,2865.877
FDM13,2185.5469
NCO18,4621.8135
NCW41,2435.4219
FDM52,3586.1582
NCF55,693.5768
FDT09,2185.5469
NCM19,1781.1106
FDW12,2131.4807
FDP15,800.85706
FDK36,806.2858
FDZ25,2872.2485
NCW06,3118.999
FDW60,2865.877
DRC49,2416.9326
NCT17,3112.6274
NCN06,2371.725
FDC45,2861.122
DRJ47,425.40204
NCF06,4000.2
FDE21,372.98657
DRG27,703.3212
FDW40,2185.5469
NCO53,3107.8726
FDE23,709.74286
FDQ16,1650.49
FDS26,3847.9407
FDZ13,181.95828
FDS14,2422.6287
FDC10,1870.7048
FDY16,3099.3472
FDJ20,2007.6564
FDV43,709.74286
FDZ32,2557.713
FDR23,2872.2485
FDN24,928.6047
FDE34,5027.9033
FDU31,3555.951
FDW33,1480.9653
FDU26,1864.2832
FDE20,4457.873
NCW05,1650.49
FDB22,2131.4807
FDO56,1870.7048
FDA19,3393.3086
DRI39,930.3532
FDH52,767.1346
FDZ50,3128.166
NCN42,2403.6523
FDB53,2416.9326
DRG11,1650.49
DRK11,3586.1582
FDQ60,2057.7175
FDT36,693.5768
DRG25,2714.556
DRJ23,3099.3472
FDG05,2593.6077
NCK06,1796.8662
FDU52,2416.9326
FDW07,1187.2389
NCM17,709.74286
FDA22,2744.2095
NCA41,2720.9275
FDF38,714.8937
FDH52,936.65936
FDY58,673.27594
FDZ16,3107.8726
NCM18,936.65936
FDA22,2413.021
NCJ43,2865.877
FDI34,6044.19
FDG56,936.65936
FDS34,1863.2465
DRC01,806.2858
FDQ04,709.74286
FDK04,936.65936
FDT51,1781.1106
FDV26,3099.3472
FDS04,2185.5469
FDW43,3543.6306
FDQ28,392.82846
NCK06,2057.7175
FDS23,1874.87
FDZ36,524.3926
FDE56,767.25006
FDW10,4621.8135
NCN14,3058.0977
NCQ18,1561.9624
FDW08,1650.49
FDU43,3930.6802
FDR33,370.08063
FDM24,386.45682
NCZ05,1650.49
NCV41,1870.7048
FDV11,2534.6887
NCY05,693.5768
FDV44,2714.556
FDW32,1356.7635
NCU18,3310.0361
NCC43,4000.2
FDW19,1781.1106
FDN31,3112.6274
FDI48,806.2858
FDS24,1389.8285
FDF46,1870.7048
DRG23,2416.9326
FDG14,2131.4807
NCY30,2852.5967
FDO28,1796.8662
DRD24,2185.5469
FDI33,1432.8383
FDN32,3118.999
FDR16,3513.0378
FDF26,2416.9326
NCN29,633.5127
FDE20,2744.2095
FDA46,3101.501
FDU28,3058.0977
FDQ48,1558.5986
FDV36,2055.1562
FDR14,755.9066
FDP23,3555.951
FDP56,806.2858
FDK48,306.3432
FDR48,2416.9326
NCY29,933.411
FDM22,755.71606
DRJ01,2686.6265
FDZ43,3943.9604
FDV03,2423.3042
FDX11,5072.126
NCA41,5326.431
FDE38,2744.2095
FDI27,630.3394
FDN32,3134.5376
NCN43,2057.7175
FDB47,5587.528
FDV03,2435.4219
NCN30,1558.5986
NCV54,371.4168
FDV07,1650.49
FDP07,3058.0977
FDK48,999.2151
FDM15,386.45682
FDY19,3096.1367
FDK46,4030.0244
FDY11,1074.5071
FDH09,853.27344
FDO08,4315.8687
FDU14,4006.5715
FDD22,2974.3582
FDM27,2487.0332
FDL02,2531.9644
NCA17,2356.152
FDE38,426.58884
NCG07,3112.6274
DRC27,3827.163
FDA27,3906.8545
FDW40,2185.5469
DRI11,1870.7048
FDN50,1563.7495
FDR12,2865.877
FDT34,2526.8137
FDW11,936.65936
NCO30,5039.03
FDZ34,3112.6274
FDU45,1870.7048
NCD42,693.5768
FDX25,2861.122
NCR29,936.65936
FDX43,434.55844
FDB04,302.43582
FDR49,1320.772
FDS39,1893.0144
FDW58,1602.9899
FDG22,72.79859
FDG31,1029.9563
NCV53,5959.4062
DRJ37,2416.9326
FDV07,1781.1106
FDW52,2382.4988
FDT15,3112.6274
FDD02,1630.4631
FDM16,1213.7527
NCE55,2854.7505
FDB57,3379.5837
FDQ04,709.74286
FDQ47,72.79859
FDY14,705.3239
DRK37,3112.6274
FDO25,3561.4575
FDL57,4036.396
NCK29,1796.8662
FDK46,5934.0737
NCB43,518.571
DRE01,5912.602
FDC46,2709.801
FDQ23,1650.49
FDX38,799.8642
FDG60,3455.7751
FDW55,3827.163
FDP39,806.2858
FDB20,1177.2521
FDV21,2062.6147
FDZ02,1555.4254
FDP19,3351.5125
FDA38,3943.9604
FDH22,2062.6147
DRM11,4030.0244
FDO12,5326.431
FDT14,2012.022
FDW34,681.3863
FDG04,5023.491
FDW59,1187.1235
FDR33,1480.9653
FDP32,2062.6147
FDL13,5930.5225
FDD22,1870.7048
FDV40,1849.3105
NCD55,709.74286
FDQ20,88.96465
FDD28,936.65936
FDC39,3561.4575
NCR17,1870.7048
DRO35,1630.4631
FDF40,3954.3547
FDR31,2131.4807
NCQ41,3118.999
FDP38,811.43665
NCU54,5585.676
FDG22,524.052
DRK59,3867.5881
FDC37,1650.49
NCO42,2324.0125
NCT42,2416.9326
FDX27,1541.307
FDV40,1040.9796
FDT45,1707.924
FDS47,308.85745
FDR45,3943.9604
FDB03,3822.48
FDO49,928.4892
FDU60,4331.1616
FDB26,685.6511
FDB46,3482.9148
FDQ37,524.3926
FDN03,4000.2
NCX30,4006.5715
FDK32,386.45682
DRM47,3112.6274
NCO02,1168.7397
FDP04,1071.2587
NCO43,1753.8281
FDD59,1346.7767
FDQ10,2865.877
FDW45,2423.3042
NCK30,4036.396
FDU31,3108.893
NCQ17,386.45682
FDN01,2865.877
FDZ19,2824.6274
DRG37,2435.4219
FDE32,682.7067
FDO34,2750.581
FDM04,173.44366
FDZ25,2872.2485
FDU08,1561.847
NCW30,4000.2
NCM18,936.65936
FDS22,709.74286
NCH18,4064.0112
FDC23,2872.2485
FDY46,3099.3472
NCU06,4001.5574
FDX57,1558.5986
FDX36,5695.7515
FDL16,809.64966
FDT16,763.6528
FDN16,1480.9653
FDC03,3112.6274
DRF60,3943.9604
FDS27,5326.431
FDP33,699.5023
FDJ36,1480.9653
NCR42,693.5768
FDV14,1346.9781
NCP42,3112.6274
FDB50,2113.5444
NCC30,4621.8135
FDA23,1480.9653
FDW16,1432.8383
FDQ52,465.14322
FDB58,2407.2627
NCP29,1077.8708
NCM05,4030.0244
FDO25,3561.4575
NCM54,2062.6147
NCL54,2865.877
FDL39,414.2258
FDF53,2484.7783
NCQ42,2007.6564
FDF58,1029.9563
FDZ04,1074.5071
FDE26,371.0352
FDS60,2772.9568
FDV58,2913.5688
FDM04,853.27344
FDE08,2403.6523
NCB43,3088.2207
FDU11,342.8354
FDF22,498.8444
FDE24,2185.5469
DRJ49,2185.5469
NCQ53,3950.332
NCL41,693.5768
FDR22,1773.6522
FDH04,1436.0867
DRH15,703.3212
FDY40,803.0375
NCI17,1565.2108
NCC18,2852.5967
FDY28,5440.785
FDB45,2557.713
NCL30,1788.4778
FDM10,3510.884
FDH22,3209.2266
NCZ53,3112.6274
NCI18,3830.1956
FDH14,3310.0361
FDR36,1073.5137
FDW01,2423.3042
FDK02,2974.3582
FDJ02,2137.8523
FDU55,4089.829
NCV18,2118.2651
FDH14,1893.0144
FDZ37,1441.2375
FDX49,3787.2249
NCD43,1650.49
FDZ07,936.77484
FDK43,2062.6147
FDR32,3495.7537
FDT39,2416.9326
NCV54,2018.4436
FDF38,545.3689
FDV60,3088.2207
FDH44,3728.444
FDS21,933.411
NCL41,693.5768
FDM46,1565.2108
FDU27,806.4013
NCJ54,3915.077
DRG51,2376.43
NCA29,434.55844
FDR47,3118.999
NCL19,3310.0361
DRG01,1210.5043
FDG10,936.65936
NCV05,2416.9326
NCH18,633.8977
FDV14,1177.4535
DRJ23,3099.3472
DRJ11,3112.6274
FDZ03,3112.6274
FDI27,167.02205
FDJ14,1182.403
FDU32,2018.4436
FDD47,4610.687
DRF36,3118.999
FDM21,3984.1792
FDV10,540.2181
FDH60,2701.2756
FDX47,399.93958
FDT19,414.2758
FDO11,4000.2
FDH24,3655.0298
FDL02,1486.1162
FDB02,2865.877
FDA43,3112.6274
FDG52,803.0375
DRC12,3118.999
FDY37,1893.0144
NCU18,2185.5469
FDU09,936.65936
DRJ25,1315.6211
DRE12,1630.4631
DRL47,2050.2593
DRK01,1561.847
FDC22,524.3926
FDG44,931.853
FDW04,2185.5469
FDK09,3843.5823
NCN43,2057.7175
FDG04,3112.6274
FDH32,292.76343
DRI47,2423.3042
DRE15,1207.331
FDY11,1168.7397
FDO60,709.74286
FDQ20,540.2181
FDO57,4045.128
FDT14,366.56494
FDA57,709.74286
DRN35,693.5768
FDJ03,799.8642
FDX28,1650.49
DRE25,1432.8383
FDR09,3969.2554
FDB23,3800.5098
FDO08,2697.753
FDQ23,1650.49
FDW04,2185.5469
DRK13,527.9818
NCL17,3310.0361
FDY21,3107.8726
FDJ38,4937.3306
FDA37,349.71713
FDV43,709.74286
FDL36,1432.8383
FDD53,709.74286
FDZ19,414.2758
FDV21,2062.6147
NCL54,2534.6887
DRI47,3586.1582
DRG03,2429.0002
FDG21,2423.3042
FDW03,1609.9653
NCI55,2050.2593
DRC36,425.40204
FDH22,2062.6147
FDV20,2055.1562
NCU41,5326.431
FDN46,2526.8137
FDK50,2697.753
NCA05,3586.1582
DRH01,2529.9338
FDT08,2131.4807
FDM08,3356.8433
FDZ07,936.77484
FDS22,803.0375
FDV35,3643.1487
FDI28,303.09482
FDW58,2526.8137
FDT52,4064.0112
FDY34,2697.753
FDR10,2599.9792
FDK57,2018.4436
FDR02,2520.392
FDX49,3787.2249
FDQ20,709.74286
DRK23,4030.0244
NCW06,3118.999
FDR31,2416.9326
NCE43,2733.083
DRO59,2105.03
FDN09,3950.332
FDR11,2636.7668
FDO57,2625.846
NCX18,3118.999
FDB05,3536.134
FDQ08,763.8862
NCG43,1558.5986
FDJ56,1650.49
FDA13,77.9494
FDO56,1870.7048
FDB37,3492.4053
FDZ02,1385.9008
FDQ24,4036.396
FDM16,1213.7527
FDU35,1561.847
FDT35,2730.9292
NCX30,3833.5347
FDG04,3112.6274
FDI12,1360.012
FDE35,936.65936
NCP14,2526.8137
NCY53,1773.6522
FDP49,936.65936
FDQ04,709.74286
FDM39,2859.4553
FDO58,419.5478
FDC56,1870.7048
NCQ54,2750.581
FDV10,1073.5137
NCK17,709.74286
NCF55,1057.3477
FDV33,4000.2
NCH29,289.39963
FDA37,3189.707
FDH46,1480.9653
FDS25,1781.1106
FDH04,2431.6594
FDX52,3112.6274
NCD42,693.5768
FDW47,2057.7175
FDL25,2435.0232
NCJ06,371.4168
FDY09,2872.2485
FDS40,693.5768
FDH41,3524.1643
FDG38,1361.7991
FDU03,4580.564
FDV20,2055.1562
DRB13,3112.6274
NCQ30,2018.4436
NCH06,4016.5225
FDU50,1624.0415
NCO42,313.69934
FDW09,1174.0037
FDH04,1436.0867
FDC21,1650.49
FDL21,709.74286
FDM46,292.80768
FDT22,209.46216
FDB28,3071.378
FDI12,1190.4873
FDA28,2062.6147
FDF59,2062.6147
FDM45,3189.707
FDQ56,1360.012
FDR46,2423.3042
FDT01,3513.0378
FDD16,1972.0051
NCU30,415.0241
FDM40,309.6896
FDI56,1439.4504
NCS30,2062.6147
FDU08,1561.847
FDX51,5326.431
FDA43,3112.6274
FDX59,72.79859
FDC37,1480.9653
FDP58,3513.0378
NCY42,2185.5469
FDF21,2714.556
FDU10,1073.5137
DRL47,1789.4078
FDA58,3469.6648
FDJ22,3099.3472
FDK50,2593.6077
FDO38,1348.6792
DRF60,3943.9604
NCZ42,681.3863
FDD35,1870.7048
FDL25,1439.4504
FDJ16,940.0232
DRK59,3896.4717
FDI50,4051.151
NCB19,1360.012
DRI37,936.77484
FDA14,3579.7366
FDC08,3598.8394
FDS45,1779.49
FDI21,1098.6857
DRJ47,2852.5967
DRE37,4896.081
FDT55,2278.7065
NCG42,3251.0227
FDA31,2854.7505
NCW42,3830.1956
FDF50,3101.501
FDK56,3101.501
FDX10,693.5768
NCK07,4189.1562
FDZ49,3731.326
FDR33,1650.49
FDO44,1573.8253
FDA20,3112.6274
NCL30,2055.1562
FDI05,309.707
FDQ12,3520.8901
FDH47,1558.5986
FDH34,2714.556
FDF29,2185.5469
FDG40,524.052
NCE18,4000.2
FDP21,535.5188
FDY50,1385.4032
FDB36,2141.5483
NCZ29,2062.6147
FDU20,1623.0048
FDO56,1870.7048
FDW31,3112.6274
DRH59,1213.7527
NCB30,3118.999
FDK43,3209.2266
FDW43,3949.3406
NCL19,2185.5469
FDJ27,1561.9624
FDC45,2739.4546
FDY40,803.0375
NCM41,1432.8383
NCK18,426.58884
FDP37,2141.5483
FDA27,5934.0737
NCX30,3833.5347
FDR09,3969.2554
FDG08,4737.3984
NCU30,2697.753
FDB16,1350.2266
FDM16,1213.7527
FDC48,1346.7767
NCF18,3220.018
FDU46,1187.1235
FDH41,3099.4587
NCN42,380.63522
FDU49,1358.5507
FDB20,2135.9292
FDG50,294.59467
FDW20,2002.7592
NCO55,1650.49
FDX48,2423.3042
FDU48,2178.0884
FDR48,386.45682
FDK27,2057.7175
FDT35,2694.0354
FDN12,1650.49
NCE31,72.79859
FDL21,709.74286
FDV56,1650.49
FDR16,3513.0378
NCP41,1650.49
FDJ27,1650.49
FDA07,2057.7175
FDK55,1432.8383
FDM33,3638.3706
FDY46,3099.3472
FDD36,1870.7048
FDB12,2526.8137
FDF28,349.71713
NCE07,371.0352
FDW50,4182.735
NCW18,3950.332
NCJ17,308.85745
DRZ24,371.4168
FDS07,1870.7048
NCW05,370.08063
FDZ22,1187.1235
FDK02,1870.7048
FDZ45,5326.431
FDL25,1439.4504
FDS08,2865.877
NCZ42,5959.4062
FDX57,1558.5986
FDF21,3112.6274
FDJ56,1395.6862
FDX10,693.5768
DRG48,2416.9326
DRN37,2733.083
NCY41,524.052
FDN28,1650.49
FDE34,2854.7505
FDR10,2704.1245
FDC32,1436.202
DRG13,2704.1245
FDP59,1570.85
NCT53,426.58884
FDL57,5934.0737
FDN32,541.89044
FDK09,3588.3682
FDA52,420.64743
FDC57,3099.3472
FDI09,3722.763
NCB07,3099.3472
FDP26,1644.0684
FDP40,2974.3582
FDL15,2423.3042
FDV07,1781.1106
FDS03,1074.5071
FDE50,3099.3472
FDQ15,1336.0221
FDQ33,386.45682
FDT22,940.0232
DRO35,1870.7048
FDJ41,4000.2
FDQ27,1779.49
FDC26,1870.7048
NCF43,3310.0361
NCR50,2403.6523
FDE39,1624.0415
FDN49,1073.5137
DRG11,1650.49
NCA18,1870.7048
FDM36,2534.6887
FDW32,1356.7635
NCQ18,296.66998
FDX14,1965.5835
FDD46,2416.9326
FDI34,545.2836
NCJ17,1360.012
FDB52,4006.5715
FDV55,2114.7302
FDC57,3099.3472
FDB29,1870.7048
NCO43,1665.1852
FDG44,931.853
FDJ34,2062.6147
FDH40,1356.6482
NCD07,2974.3582
FDB41,806.4013
FDH47,1392.4377
DRK37,3112.6274
FDM25,414.2758
NCX06,3134.5376
NCS05,2185.5469
FDS39,2185.5469
FDC47,5864.3345
FDG20,2861.122
DRL23,1650.49
FDY33,2588.8528
NCH18,3943.9604
FDX47,2429.0503
NCB06,2599.9792
FDP36,806.2858
FDW44,2534.6887
NCU41,2701.2756
NCS17,1558.5986
FDD46,2423.8408
FDE45,2865.877
FDI09,3722.763
NCJ54,534.495
NCA29,2534.6887
NCN41,3189.707
FDY34,2697.753
NCG55,1870.7048
DRM49,709.74286
NCB42,1870.7048
FDE58,1863.2465
DRJ25,806.4013
FDS47,305.60907
FDY21,3107.8726
NCI54,1781.1106
FDO24,2582.4812
FDY43,2739.4546
FDF35,1480.9653
NCP29,189.53722
FDN28,2526.8137
FDJ50,688.8995
FDQ14,3579.7366
FDC37,1650.49
FDN08,1870.7048
FDD04,2179.1252
FDW34,3469.6648
FDP04,1071.2587
NCG07,3112.6274
NCN14,2675.5647
FDJ16,940.0232
NCM42,1650.49
NCF19,806.2858
FDY21,2709.801
FDY19,1863.2465
FDV09,2416.9326
FDA28,2062.6147
FDC38,1893.0144
FDL28,3995.1858
NCH43,3555.951
NCN53,734.504
NCW05,1650.49
NCO30,2701.2756
FDT04,72.79859
FDB27,2714.556
NCK07,2707.3157
NCA53,806.2858
FDB33,2285.0781
FDU37,1355.2914
FDR13,1870.7048
FDE45,2865.877
FDV37,3112.6274
FDX44,289.44388
NCL06,4036.396
FDJ28,3112.6274
FDX55,3562.3225
NCK17,540.2181
FDH52,936.65936
FDN13,2526.8137
FDK44,2529.9338
FDU16,1353.3998
FDZ07,936.77484
NCN06,4178.03
FDH02,294.59467
NCW18,3950.332
FDH57,2141.5483
FDV35,2403.6523
NCU29,2416.9326
NCP02,936.65936
FDN44,2593.6077
FDX03,540.2181
FDR11,389.26553
FDA36,3128.166
FDP58,5392.3657
FDH31,1561.847
FDH34,3112.6274
FDS13,3902.1724
FDT01,3108.893
FDY09,2872.2485
FDV33,5934.0737
NCW29,349.71713
NCN17,1650.49
FDX01,1870.7048
FDL03,3099.3472
DRL59,933.411
DRM11,5743.5566
FDA43,3112.6274
FDZ56,440.93008
FDI44,1177.3674
FDB50,1355.2914
FDU15,72.79859
NCJ19,206.09836
FDD48,1870.7048
NCW42,3830.1956
FDL24,2865.877
NCB30,3118.999
FDK25,2733.083
FDW28,3220.018
FDD47,2854.7505
FDK16,292.80768
FDW37,1441.3529
FDA48,3620.8726
FDA14,2416.8826
FDV15,1650.49
FDN22,3888.892
NCD55,709.74286
FDY43,2739.4546
NCU05,1346.7767
FDF10,2423.3042
FDR39,2680.184
FDG40,693.5768
FDZ28,349.71713
FDE02,1570.3617
FDU60,2730.9292
FDM21,3984.1792
FDV52,372.98657
NCW06,3118.999
FDX36,3701.6401
FDT35,4331.1616
NCL19,371.0352
NCD31,2697.753
FDE53,370.08063
FDW58,362.8637
DRF48,3112.6274
FDW57,2854.7505
DRH13,1650.49
FDT33,2744.2095
DRK47,5720.6216
FDY22,309.6896
FDC35,547.26404
FDO03,3995.1858
FDF24,1343.5283
FDF56,2529.9338
FDD28,936.65936
FDG53,3310.0361
FDO27,292.76343
NCF54,2541.0603
FDC20,1738.823
FDU10,709.74286
DRA24,2369.5713
FDA02,313.64935
FDG10,936.65936
FDW39,425.40204
FDP04,192.38042
NCM55,3118.999
FDG47,4030.0244
NCU41,3099.3472
NCK31,853.27344
FDZ46,1650.49
FDU13,3586.1582
NCF19,806.2858
NCJ43,2865.877
NCJ05,2403.6523
FDS04,3310.0361
FDX28,307.9996
FDB41,1178.708
FDG53,2185.5469
FDL15,392.82846
FDQ08,933.411
DRN36,1558.5986
FDI46,4030.0244
FDG16,5362.2427
FDV32,1033.3201
FDF44,371.0352
FDK04,767.1346
NCA41,3118.999
FDD51,703.3212
NCZ53,3112.6274
FDP01,3586.1582
FDY25,2865.877
FDB17,2534.6887
NCV54,1630.4631
FDJ32,1074.5071
FDA37,2057.7175
FDG35,2772.9568
NCM05,3587.0686
FDG45,3555.951
FDH28,709.74286
NCE18,4000.2
FDH38,1870.7048
FDR56,3107.8726
FDH17,2495.0774
FDD39,3562.3225
FDB41,806.4013
NCR53,3731.326
FDX46,936.65936
FDV28,693.5768
FDA08,2382.8516
FDH45,709.74286
NCS38,372.98657
FDD40,529.6972
DRM59,2416.9326
NCJ43,2534.6887
NCN29,803.0375
NCC19,3101.501
FDR56,3107.8726
FDZ43,3943.9604
FDJ32,202.82602
DRH03,1426.4166
NCZ54,2704.1245
FDE26,2416.9326
FDS03,1074.5071
DRZ24,371.4168
FDO48,5524.1924
FDW39,2865.877
NCK05,1026.7079
NCK30,4036.396
FDT27,3469.6648
FDS08,414.2758
NCJ19,936.77484
FDC58,709.74286
DRE37,3071.378
FDW02,2056.193
FDJ02,392.82846
FDX09,2865.877
FDT31,529.6972
FDI24,2865.877
FDY09,2872.2485
FDV28,693.5768
DRM47,3112.6274
FDT52,517.10034
FDI48,758.9644
FDY55,4072.1648
FDU48,2178.0884
FDN25,936.65936
FDP20,2055.1562
FDJ15,3112.6274
FDD04,1886.5928
FDY58,3995.1858
FDR37,2736.466
FDF44,2141.5483
FDD32,1353.3998
FDR57,2429.0503
DRG39,1701.5023
FDX15,2588.8528
DRN37,2686.6265
FDW40,3310.0361
FDB32,1547.7286
FDM40,1946.1572
FDE39,3172.2473
DRH49,1353.3998
FDT46,806.2858
NCF06,4000.2
FDP07,3058.0977
FDC04,3950.332
FDZ32,1650.49
FDD50,2719.8027
FDU56,3118.999
FDV34,1168.7397
NCY41,693.5768
NCK18,2697.753
DRH25,925.24084
FDT57,3950.332
FDV56,1480.9653
FDV12,1558.5986
FDN52,1360.012
FDX38,799.8642
FDE47,1796.8662
NCO07,3667.8438
FDV09,3586.1582
FDZ23,524.3926
DRH51,1180.8173
NCY54,2854.7505
DRG49,4044.8784
NCC19,3101.501
NCV53,3943.9604
FDZ47,362.8637
NCO26,1630.4631
NCP02,936.65936
NCW30,3531.446
NCN55,3950.332
FDB20,306.3432
DRL11,2498.1597
DRD60,3178.7605
FDW14,299.07202
FDL27,192.38042
FDU09,767.1346
DRH36,1972.0051
FDP34,3602.8066
FDE04,2852.5967
FDZ57,3251.0227
FDF02,368.0145
FDG28,4064.0112
NCI31,693.5768
FDT43,813.2327
FDU20,2050.2593
FDD53,709.74286
FDW15,2423.3042
NCT53,2697.753
NCG55,2974.3582
FDD48,1870.7048
FDG47,4030.0244
FDI21,1098.6857
FDT27,3915.077
DRO35,1870.7048
FDD33,3915.077
FDC04,3950.332
FDY34,2697.753
DRJ49,2062.6147
FDE05,2407.2627
FDU31,3555.951
NCN19,5023.491
FDK56,5139.076
FDK58,1650.49
NCJ42,1650.49
FDZ34,5289.006
FDA52,2541.0603
NCR29,936.65936
FDT48,3648.871
DRJ51,581.5305
NCS54,2865.877
FDV01,2403.6523
DRG51,4182.735
NCG42,2178.0884
FDA51,1864.2832
FDV19,414.3203
NCT18,3134.5376
NCS41,3128.166
FDO03,3995.1858
FDL12,206.21378
FDY37,309.6896
FDI58,1436.0867
FDT28,2131.4807
NCC42,371.0352
FDO01,2054.45
FDJ02,2423.3042
FDQ04,540.2181
DRL47,2055.1562
FDZ32,1650.49
FDC35,3561.4575
FDX14,1162.3181
FDZ35,1650.49
FDL14,2429.0503
FDO04,933.411
DRK11,2416.9326
FDB44,3220.786
FDZ50,3128.166
FDI12,2387.3975
FDU43,3930.6802
FDD58,292.76343
FDB27,3112.6274
FDB04,1180.7019
NCO17,1870.7048
FDL12,936.77484
DRJ13,2593.6077
FDD57,1558.5986
FDW19,1781.1106
DRD27,1394.0974
FDH27,3579.7366
NCW30,5934.0737
FDR40,1177.2521
FDG05,2498.1597
NCY41,72.79859
FDI38,3220.786
FDR20,709.74286
FDE09,1650.49
FDN50,294.5504
DRF27,2410.511
DRF51,687.15515
NCO02,264.69406
FDB51,1701.5023
FDJ50,933.64
FDN52,1360.012
FDX14,1340.3551
FDT27,671.10187
FDV10,709.74286
FDU33,709.74286
FDU58,3112.6274
NCP42,5326.431
FDL51,5369.9336
DRH15,1172.2864
FDU16,1353.3998
FDW15,2423.3042
FDQ44,2002.7592
NCI06,4621.8135
DRK23,705.3239
FDC28,1650.49
NCY17,88.96465
NCV05,2131.4807
FDM34,371.0352
DRD60,5039.03
FDT38,1346.9781
FDQ57,2131.4807
FDE59,1057.3477
NCM43,2704.1245
DRI51,2865.827
NCG30,2050.2593
NCK54,1870.7048
FDQ16,370.08063
FDI36,3112.6274
FDX16,3586.1582
FDA34,2865.877
FDJ48,3352.8674
FDU47,2185.5469
FDS39,2185.5469
FDD11,4000.2
FDM16,1912.755
FDU56,2736.466
FDQ32,2057.7175
DRK35,709.74286
FDA58,3787.2249
DRG48,309.6896
FDT59,663.29126
FDQ31,292.80768
FDS51,904.98236
FDW32,2149.1643
FDI15,5543.1973
NCV30,1026.7079
DRG25,3112.6274
FDT02,687.15515
FDO33,2974.3582
FDP38,811.43665
FDZ45,3118.999
NCA54,4621.8135
FDU33,809.64966
FDN58,3915.077
FDI05,1217.1165
FDM57,308.85745
NCS42,2431.6594
FDB57,3797.6306
FDC03,3112.6274
FDZ58,2018.4436
NCK29,2057.7175
NCR53,3731.326
FDE26,3586.1582
FDU52,2416.9326
FDE41,2114.9014
FDU38,2714.556
FDA52,2861.122
FDW46,1074.5071
DRI59,3843.4758
FDT38,1346.9781
FDL33,2703.4294
FDQ01,5887.2695
FDJ08,3101.501
FDQ47,693.5768
NCZ18,3902.1724
FDE29,940.0232
FDF10,3586.1582
FDC48,1356.6482
FDY58,3995.1858
NCX30,570.9606
FDV11,2865.877
FDT46,806.2858
DRD01,209.46216
FDQ11,4030.0244
NCM41,1432.8383
NCC55,693.5768
FDG45,5519.077
NCQ54,2750.581
FDM34,2134.0898
FDD17,681.3863
FDN38,5881.899
FDB53,2131.4807
NCL06,4036.396
NCV18,308.85745
FDX25,3134.5376
FDB39,930.23773
FDC33,3112.6274
NCO14,540.2181
FDA58,5912.602
NCQ02,3112.6274
NCR53,3867.3337
FDN52,1360.012
FDG26,3986.9197
FDE23,1312.2573
DRI37,936.77484
DRH37,2382.4988
FDO01,1975.5165
FDK45,1870.7048
FDP23,3555.951
FDM33,3627.682
FDD36,1870.7048
FDL56,1356.7635
FDT27,671.10187
FDG52,709.74286
NCL42,3930.6802
DRJ24,3101.501
FDV38,922.18304
FDT35,2730.9292
FDY51,3524.1643
FDC37,1650.49
NCP43,2793.3445
FDO33,1856.7441
FDW04,1893.0144
NCC31,2416.9326
FDK22,3555.951
FDJ50,941.8102
FDV13,1437.9891
DRL60,2416.9326
FDW03,1753.8281
FDY27,2859.4553
FDB39,1701.5023
FDU59,2686.6265
FDZ57,2141.5483
FDO21,3813.79
FDS43,2714.556
FDU28,518.571
FDC51,336.41376
FDW16,286.1955
FDP32,293.92535
FDB60,535.5188
NCQ30,2018.4436
FDD26,3112.6274
FDI44,1346.8921
DRH23,936.77484
FDO44,1781.1106
FDG04,3112.6274
FDM32,2462.5586
FDM09,2744.2095
FDZ47,1547.7286
FDM40,3310.0361
FDY48,1650.49
NCM30,709.74286
FDX36,561.1265
DRF03,703.3212
FDN51,4006.5715
FDM57,1356.6482
FDB35,1436.0867
FDY13,2110.1807
FDA37,2062.6147
NCX53,2178.0884
FDD59,1177.2521
FDX10,72.79859
FDC03,2714.556
FDW43,3767.9448
FDW10,2772.9568
FDY14,5934.0737
FDV43,803.0375
FDO40,2423.3042
FDP46,2431.6594
NCE43,423.4322
FDD05,1863.2465
FDJ60,409.641
DRE27,1389.2645
FDO11,4000.2
DRG11,2526.8137
FDK33,548.1284
DRM23,2739.4546
FDJ02,3586.1582
NCZ05,1650.49
NCL30,2055.1562
FDZ19,2493.4392
FDM45,2057.7175
FDO36,2852.5967
NCK31,806.2858
DRJ37,2416.9326
FDP24,1713.5035
FDF46,1870.7048
FDX46,209.46216
NCL18,3088.2207
FDJ26,3530.536
FDJ07,1870.7048
FDY15,2397.2307
DRG01,1210.5043
FDF58,1074.5071
FDZ14,336.41376
FDP31,1031.6127
FDH45,709.74286
FDA09,414.2758
FDW31,3112.6274
FDA57,709.74286
NCE55,2854.7505
FDC17,541.7568
FDC59,1071.2587
FDA22,2744.2095
FDK52,3798.409
NCM26,2356.152
NCT53,2707.3157
FDW45,2137.8523
NCI18,3830.1956
FDE38,2382.8516
FDF08,292.80768
FDY58,699.53815
FDF58,186.17342
FDX39,3635.026
FDB44,3667.8438
FDF28,2062.6147
FDE39,1864.2832
FDT37,3537.8176
FDZ45,3118.999
FDO40,2423.3042
FDM57,2114.9014
DRG36,2861.122
FDY36,261.33026
DRL60,3586.1582
FDS25,354.10324
DRF49,2974.3582
FDP16,3813.8828
FDS60,2772.9568
FDU15,1073.5137
FDK43,2062.6147
FDN25,936.65936
FDE53,1650.49
FDB22,2423.8408
FDE39,1864.2832
FDX35,3947.697
NCG54,2744.2095
FDH27,2410.511
NCK42,3555.951
FDS25,1655.6409
FDI10,2534.6887
FDU35,1637.0483
FDI04,3112.6274
DRK23,4030.0244
FDB53,386.45682
FDY02,3982.5356
FDM60,709.74286
NCJ31,569.74725
DRP35,2055.1562
NCQ30,1796.8662
DRL11,400.39178
FDU01,3099.3472
FDR39,2805.0964
FDO08,2697.753
FDC02,4163.8325
NCZ29,2062.6147
FDF29,367.92447
FDZ23,3118.999
NCU53,2382.8516
NCW30,4000.2
NCM26,3586.1582
FDV50,3183.2854
FDW15,2423.3042
FDI35,5039.03
FDO11,4000.2
FDN48,1436.0867
NCA17,2356.152
NCN54,1332.6583
FDP22,806.4013
NCB54,2062.6147
FDD08,693.5768
DRM48,72.79859
FDG41,2910.4111
FDE44,1346.5201
FDE26,2369.3906
NCS38,1870.7048
NCJ54,3520.8901
FDI40,299.91837
FDN45,3450.4946
FDU43,3930.6802
FDI04,524.3926
NCC07,1480.9653
NCC07,362.8637
NCD18,4057.5225
FDU55,4089.829
FDX59,693.5768
FDR52,3112.6274
NCP17,1071.2587
FDQ32,2057.7175
NCT17,3112.6274
FDO10,933.411
FDE32,682.7067
FDN44,2593.6077
FDH02,1441.2375
FDK60,1561.9624
FDS24,308.85745
FDL03,533.28644
FDB46,5362.2427
FDO48,3849.8474
FDZ39,1650.49
FDT02,1050.926
FDC50,1567.1133
FDP39,853.27344
DRG15,760.71295
FDP10,1480.9653
FDF53,5083.2524
FDN34,2750.581
FDK02,2057.7175
FDC23,2872.2485
FDJ10,371.0352
FDE53,1650.49
FDR25,3908.544
FDW50,2691.3313
FDS09,816.4811
FDW49,408.4542
FDU51,2841.4702
FDF28,1795.9362
NCY30,2521.4084
FDD44,4065.7932
FDX09,2865.877
NCF30,2062.6147
FDZ50,524.3926
FDW37,1437.9891
FDD11,4000.2
DRH39,1037.9218
FDA36,3128.166
NCG43,1432.8383
FDF02,1655.6409
FDP57,2526.8137
NCE42,3726.7195
NCR38,5887.2695
FDP03,342.8354
FDO51,709.74286
NCQ42,2007.6564
NCM41,1432.8383
FDH48,2114.9014
DRF60,3943.9604
FDJ27,1650.49
FDQ14,2410.511
FDN27,1783.6066
NCQ02,3112.6274
FDJ33,2057.7175
FDP07,5411.893
DRE01,3816.1084
FDU36,1561.847
FDL28,3995.1858
NCX53,2178.0884
FDZ39,1650.49
NCP42,3112.6274
FDJ14,1351.9276
FDK04,936.65936
NCC19,3101.501
FDS09,683.74866
FDZ02,1555.4254
FDD35,1796.8662
NCY42,2369.3906
FDB05,3779.6743
FDF20,3112.6274
NCO41,1392.3224
FDC40,2098.6084
FDV58,2913.5688
FDZ57,2141.5483
DRM35,2865.877
DRN36,1389.074
FDQ13,1361.7991
DRO35,372.98657
NCD43,1650.49
FDA51,1624.0415
NCX17,5883.7183
NCZ17,709.74286
FDR11,3903.4023
FDW34,3943.9604
FDN50,1437.9891
FDS09,806.2858
FDS48,2137.8523
FDL44,2684.4727
DRF48,2714.556
FDA14,2131.4307
NCD30,1558.5986
FDI16,853.3889
NCG06,4006.5715
DRZ24,2018.4436
NCS17,1558.5986
FDB37,3898.1152
FDE10,2141.5483
FDC57,3099.3472
FDM12,2720.9275
FDE24,2185.5469
FDW22,3653.097
DRD01,1699.7538
NCZ18,5887.2695
FDN49,709.74286
FDR22,1863.2465
FDV08,88.96465
FDY39,3112.6274
FDV36,2055.1562
FDO60,803.0375
FDU04,3189.707
FDR20,1343.1564
FDW19,354.10324
FDU40,2924.6953
FDK15,1565.2108
DRF15,2397.2307
FDQ25,2865.877
FDI48,201.292
FDS49,1351.9276
FDV22,2504.5312
NCV42,1650.49
FDX26,3134.5376
FDI33,1263.3135
FDZ14,2051.296
FDG10,936.65936
FDM38,645.2757
FDG26,5934.0737
FDH46,1650.49
FDN13,1392.4377
FDU57,2416.9326
NCI06,2865.877
FDM38,937.00385
NCG42,349.71713
FDL39,2865.827
FDT31,535.5188
FDV59,3555.951
FDB49,1650.49
FDD58,1650.49
DRN59,803.0375
FDX48,2423.3042
FDQ11,4030.0244
FDY12,931.853
FDQ11,4030.0244
DRI11,1870.7048
FDY32,4304.742
FDS51,936.65936
FDR19,271.81754
DRB13,2714.556
FDS21,1026.7079
FDQ40,2865.877
NCE55,2854.7505
FDX43,4315.8687
FDS12,2062.6147
DRK01,2495.0774
FDN25,936.65936
FDB60,3112.6274
FDQ13,1361.7991
DRK13,3101.501
DRF25,524.052
NCD42,88.96465
FDW25,1380.8268
NCV29,4621.8135
NCK42,3555.951
DRJ13,3914.5288
DRD15,3915.077
FDM27,2423.8408
FDZ50,2730.0945
FDC04,3950.332
FDF50,3112.6274
FDP15,3988.9072
FDK46,4030.0244
FDZ56,2419.3926
FDY60,2407.2627
FDB10,3943.9604
FDR57,2429.0503
FDU58,3112.6274
FDH02,1441.2375
FDP48,3128.166
FDI46,4030.0244
FDW56,3112.6274
NCM19,359.02588
FDS50,5524.1924
FDK24,709.74286
FDO36,2852.5967
FDK45,2974.3582
NCL05,709.74286
FDL32,1630.4631
FDA28,2062.6147
FDY36,1044.228
FDP32,1795.9362
FDL50,2057.7175
DRC24,2423.3042
NCS18,1650.49
FDD16,1199.6342
NCV18,1360.012
FDX07,3114.8857
NCZ05,2526.8137
NCI31,693.5768
FDK14,1361.7991
NCR06,709.74286
NCF54,2872.2485
DRG23,386.45682
FDD53,709.74286
NCM31,3310.0361
FDT16,4030.0244
FDR40,1346.7767
DRG25,3128.166
FDT10,933.411
FDY32,2686.6265
FDN50,1437.9891
FDZ35,362.8637
NCP54,2057.7175
NCD07,1856.7441
FDS02,2714.556
DRN59,633.5127
DRB24,2429.0503
FDP37,3266.2192
DRB01,2714.556
FDR47,3118.999
NCM31,371.0352
NCF06,5934.0737
NCV17,3251.0227
FDS10,2852.5967
FDN52,1360.012
FDZ48,1870.7048
FDJ48,4030.0244
DRB13,4834.1206
FDV59,3555.951
FDL32,1781.1106
FDZ12,2185.5469
NCR06,1073.5137
FDP51,1870.7048
FDY22,2185.5469
FDZ38,2865.827
NCO54,933.411
FDR23,2872.2485
FDM38,945.174
FDS25,1870.7048
FDZ22,1356.6482
FDZ20,894.3989
FDD45,292.76343
FDN03,4000.2
NCW30,4000.2
FDY24,1711.2877
FDJ26,498.8444
FDM15,2416.9326
NCW54,1711.2877
FDA23,1637.0483
FDA39,88.96465
FDZ12,2369.3906
NCB42,1870.7048
FDL16,809.64966
FDO24,407.94867
NCP42,3112.6274
FDR19,2131.4807
DRL01,3854.3079
FDV37,3112.6274
FDI41,380.63522
FDF58,1029.9563
NCF43,1893.0144
FDN02,3635.026
NCP41,1650.49
NCY17,1178.708
FDL58,5475.321
NCA30,5012.3647
FDE46,2118.2004
FDY38,3923.2988
NCH29,2495.0774
FDO20,3985.43
FDP44,1480.9653
FDM02,2436.81
FDJ14,2110.1807
FDH04,289.44388
DRK23,4030.0244
NCW05,1650.49
FDF12,2416.9326
FDL51,509.97052
FDN03,3531.446
DRJ37,2416.9326
FDM12,524.3926
FDA16,3843.4758
NCB07,3099.3472
NCI17,292.76343
FDR51,2416.9326
FDJ55,3813.79
NCZ17,709.74286
FDU25,941.8102
NCG18,1650.49
DRM11,4030.0244
FDH16,1436.0867
FDZ04,767.1346
NCX53,2178.0884
FDX38,1305.8357
FDX09,2865.877
NCW05,1480.9653
NCS41,3128.166
FDI26,2865.877
NCZ41,3266.2192
NCK06,2057.7175
FDX23,2495.0774
NCA42,2498.1597
FDC20,936.65936
DRC49,2114.7302
FDX01,1870.7048
FDC08,3688.3599
FDC02,4163.8325
FDK10,2865.877
DRC24,2423.3042
FDW16,289.44388
NCU06,3502.1252
DRA59,3117.0396
FDR24,292.80768
DRL35,540.2181
FDA49,1358.5507
NCC55,693.5768
DRD24,371.0352
NCE55,2854.7505
FDT33,2744.2095
NCT53,2697.753
FDS26,3847.9407
FDL22,1263.3135
FDP44,1650.49
FDC52,2125.059
FDI53,396.82242
FDZ23,3118.999
NCT18,3134.5376
FDR13,1870.7048
FDB09,342.8354
FDZ60,1602.9899
FDB11,3820.1616
FDC10,1630.4631
FDW56,3112.6274
FDK14,2120.052
DRE27,2492.0195
FDA38,3943.9604
FDT11,3112.6274
FDP15,3988.9072
FDV27,1356.6482
FDS36,2526.8137
FDY40,1312.2573
NCF19,806.2858
FDF53,3067.3855
FDS14,3641.9365
FDE56,1074.6224
FDZ19,2824.6274
FDZ46,1856.7441
FDR16,3513.0378
FDG29,540.2181
NCE30,3519.4094
FDZ40,928.4892
FDG58,2137.8613
DRH03,1552.177
FDZ47,1547.7286
FDV04,2172.1326
FDZ10,1795.9362
FDG46,1870.7048
NCF07,1561.847
FDY44,3118.999
FDB21,3816.1084
FDS20,3128.166
FDS49,1351.9276
FDX55,5597.6895
NCQ02,2714.556
FDR25,3908.544
DRG39,926.9894
FDB46,3482.9148
NCC30,2541.0603
FDE58,1863.2465
FDC05,527.9818
FDY15,2467.3313
FDG14,2416.9326
FDL08,3943.9604
FDQ47,693.5768
FDN12,1781.1106
FDW10,2772.9568
FDD02,1870.7048
FDX35,581.5305
FDT35,2730.9292
DRN47,425.40204
FDB11,567.49817
FDN20,2730.9292
FDB59,3099.3472
FDJ58,2861.122
FDU60,2730.9292
FDS03,1074.5071
FDU40,535.5188
DRH15,803.228
FDD04,3582.1848
FDQ01,3856.3271
FDF28,2057.7175
FDD22,372.98657
FDY19,1863.2465
FDN33,1439.4504
FDV36,2055.1562
FDW01,392.82846
FDJ28,3112.6274
FDB17,2865.877
FDM40,2185.5469
FDV46,2178.0884
FDQ44,1815.7462
NCD42,693.5768
DRH37,2704.1245
FDR10,2389.2231
NCD06,1315.6211
FDI53,2636.7668
FDG16,3489.2864
DRB25,1650.49
FDY09,2872.2485
FDX48,2423.3042
FDC03,524.3926
FDT47,1665.1852
FDW44,4748.525
FDT24,1217.1165
FDT12,706.67755
NCS38,1870.7048
FDO39,3117.0396
FDA13,714.8937
FDO48,3670.1572
DRJ01,2582.4812
FDD53,540.2181
NCT05,4000.2
FDQ51,803.0375
FDU60,2730.9292
FDC59,1026.7079
FDP36,856.63727
NCM19,1781.1106
FDL16,709.74286
FDE50,2701.2756
NCR18,709.74286
NCD30,1558.5986
FDH31,1561.847
FDD56,414.2758
FDC47,3873.7053
FDZ21,1558.5986
FDM01,1650.49
FDF24,1353.3998
FDW23,709.74286
FDY52,767.1346
DRH37,4189.1562
DRO47,2974.3582
FDR25,3908.544
FDQ24,5934.0737
DRJ51,3622.7961
NCU06,4001.5574
NCV18,1180.6158
NCC06,3209.2266
FDZ01,1486.1162
FDT14,2012.022
FDD11,811.14136
FDN09,3950.332
NCO18,425.40204
FDZ50,3128.166
FDS44,3816.1084
FDI36,3112.6274
FDA26,498.8444
NCY53,1863.2465
FDF32,3118.999
FDF59,349.71713
FDB20,1213.7527
DRH11,936.65936
FDT03,2924.6953
NCH06,4016.5225
FDR55,3101.501
FDI10,2865.877
FDZ12,2185.5469
FDM12,3118.999
DRB25,1650.49
NCS41,3128.166
NCT53,2697.753
NCD55,709.74286
FDY08,2185.5469
NCP55,933.411
FDA33,2416.9326
FDQ33,2416.9326
FDE45,4748.525
FDT26,2043.8378
NCV53,3943.9604
FDK60,2498.4412
NCJ29,1356.6482
FDI15,3902.1724
FDX21,1781.1106
FDV49,781.3171
DRO59,1346.7767
FDZ14,2051.296
FDP32,3408.5051
FDC33,3112.6274
FDT14,336.41376
NCN54,2105.03
FDR57,3608.016
DRK12,693.5768
FDX52,3112.6274
FDX08,425.40204
FDP10,362.8637
NCP50,1343.5283
NCL06,4036.396
FDP25,3659.4685
FDE53,1650.49
FDL27,1168.7397
FDC35,3561.4575
DRJ47,419.58044
FDD16,1040.9796
NCN42,2403.6523
FDC38,3310.0361
NCO07,3555.951
FDQ20,709.74286
FDI32,1870.7048
FDN20,428.73685
DRJ51,6044.19
FDU08,1561.847
DRN37,423.4322
FDD05,342.8354
FDW15,2423.3042
FDI52,2050.2593
DRM11,4000.2
NCO06,693.5768
FDU38,3112.6274
FDU59,2371.725
FDJ10,2185.5469
FDM13,2185.5469
NCJ30,423.4322
FDM45,1796.8662
FDP36,809.64966
NCD30,286.15125
FDN48,1561.847
FDY32,2636.7668
FDU47,2185.5469
FDF17,539.10803
FDP34,2487.0332
FDA47,2686.6265
DRD27,2488.6558
FDW38,957.7803
FDZ15,364.99518
FDZ03,5023.491
NCN19,3112.6274
FDG02,3112.6274
FDS31,3128.166
FDW43,699.53815
FDZ47,296.66998
FDO57,2521.7007
NCL07,709.74286
NCV42,1781.1106
FDP40,1870.7048
FDP48,551.0574
FDH21,2593.6077
NCP02,936.65936
FDK24,806.2858
FDC41,1213.868
FDF08,1353.3998
FDO49,853.27344
FDS56,6398.2583
FDX46,767.1346
FDQ07,3638.3706
FDC32,289.5593
FDT21,564.5889
FDG58,2416.9326
FDW14,1350.2266
DRA12,3310.0361
FDV27,1356.6482
DRD25,1870.7048
DRF48,5023.491
FDX24,1436.0867
DRJ51,3954.0686
FDE45,2865.877
FDE14,1655.6409
FDG53,2185.5469
FDT08,2416.9326
DRC27,5893.343
FDG20,2861.122
FDC21,1650.49
FDV31,2523.5623
FDB58,2185.5469
FDV23,2057.7175
FDA25,368.0145
FDC15,2562.7793
FDU47,2185.5469
FDE23,803.0375
FDS08,2865.877
FDW03,2526.8137
FDJ60,2369.5713
FDM34,2134.0898
FDW33,1650.49
FDZ40,936.65936
FDE33,1174.0037
NCC06,349.71713
FDU11,1870.7048
FDL44,2684.4727
NCZ29,2062.6147
FDG28,681.3863
FDL12,767.25006
FDD52,1644.0684
FDO15,1165.4913
NCN29,1312.2573
FDW36,1650.49
FDB21,3816.1084
FDZ28,2055.1562
FDY10,1870.7048
DRG39,918.8192
FDN28,1650.49
FDV15,1650.49
DRI13,3562.3225
FDH20,1558.5986
FDY51,3631.999
FDE16,3667.8438
FDX40,524.052
FDC48,1177.2521
FDS14,2422.6287
FDX56,3635.026
FDI10,2865.877
FDI14,2185.5469
DRM48,693.5768
NCH07,3873.2793
FDY26,3704.6392
FDD02,2974.3582
FDM12,3118.999
DRF01,313.69934
FDV36,2055.1562
DRI59,3843.4758
FDV03,2173.953
FDO39,3128.166
NCB07,2701.2756
FDH38,2974.3582
FDZ13,814.8005
NCZ30,2057.7175
NCA06,682.7067
FDB04,1350.2266
FDN50,1437.9891
NCG06,4006.5715
NCY17,540.2181
FDC23,2872.2485
FDK33,3562.3225
FDR03,3674.2153
FDZ07,1074.6224
FDO38,1348.6792
FDS59,1650.49
DRM11,705.3239
FDX52,5326.431
DRJ35,767.1346
NCP53,3950.332
FDW15,386.45682
DRI47,2407.2627
DRZ11,2057.7175
FDS02,3101.501
DRD49,3560.8943
FDW38,957.7803
FDR21,414.2758
FDE40,1068.2008
FDI02,1781.1106
FDQ04,709.74286
FDY14,4030.0244
NCT54,1565.2108
DRD25,1856.7441
DRE01,3816.1084
FDJ12,614.4603
NCZ05,1650.49
DRB25,370.08063
NCC31,2498.1597
FDM16,1213.7527
DRG11,1650.49
FDV24,3586.1582
FDV43,709.74286
FDG05,2131.4807
FDV23,342.8354
FDI58,1266.5619
FDQ11,4030.0244
FDC05,5315.3047
FDF40,3781.3179
FDU02,3612.1196
FDT32,3099.3472
NCF06,4000.2
FDT46,806.2858
FDR58,289.44388
FDY04,2704.1245
FDT58,2744.2095
FDE46,2403.6523
DRH11,936.65936
DRI51,2865.827
FDC35,3561.4575
FDP45,4006.5715
FDC45,2750.581
FDU01,3114.8857
FDJ53,342.8354
FDJ46,2865.877
FDX07,3099.3472
NCI30,4146.9263
FDE47,3189.707
FDV48,1346.7767
FDN16,362.8637
FDM52,2423.3042
FDA32,5496.645
FDH05,3763.4734
FDW25,329.67233
FDQ09,1870.7048
NCM17,176.80746
DRM59,2416.9326
FDV47,2114.9014
DRE15,1207.331
FDS25,375.2314
NCZ05,1480.9653
NCV05,386.45682
DRM37,3107.8726
FDV58,5315.3047
FDN22,5934.0737
NCO06,693.5768
FDT56,209.46216
FDM02,1361.7991
FDA09,2854.7505
NCC06,2055.1562
NCL54,2865.877
NCB55,936.77484
FDB12,1650.49
NCA54,2872.2485
NCS38,1870.7048
FDC02,4163.8325
FDK44,414.2758
FDE16,3667.8438
NCS05,2185.5469
FDZ59,2733.083
FDI20,3542.6707
FDQ14,2410.511
FDF53,2805.0964
FDW25,1380.8268
NCQ43,370.08063
FDX52,3112.6274
FDE28,3867.3337
FDN15,2185.5469
FDO28,1870.7048
FDQ33,2416.9326
FDM22,202.84998
FDJ03,799.8642
FDI16,936.77484
FDI09,5912.602
FDX55,3562.3225
FDS23,3209.2266
DRC12,3118.999
FDH41,3555.951
FDN01,2865.877
FDV55,2407.2627
NCJ19,936.77484
NCY29,206.21378
FDP03,1796.8662
FDZ52,1773.6522
FDH31,362.8637
FDQ19,3469.6648
FDS15,1650.49
FDN32,3134.5376
FDH32,1561.847
FDF33,1650.49
FDJ22,3099.3472
FDG56,202.82602
FDC05,3101.501
FDK09,3843.5823
NCV29,2865.877
NCC43,646.225
NCA42,2498.1597
FDC10,1870.7048
FDC16,1350.2266
NCL17,2185.5469
FDA51,1864.2832
FDW01,2423.3042
NCF30,2062.6147
FDN49,709.74286
FDY20,1436.0867
FDC15,2433.8596
FDY24,964.2019
NCG43,1558.5986
FDA48,3731.326
NCF55,693.5768
FDL38,1437.9891
NCQ29,3652.5
FDC34,2493.4048
FDP36,1447.5388
FDN50,291.34628
FDO23,1561.9624
FDT56,936.77484
FDT13,5023.491
FDZ03,3112.6274
FDQ03,677.4735
FDU44,2697.753
FDD03,4003.662
NCH30,1856.7441
FDS60,381.21307
FDG08,2854.7505
FDX38,799.8642
FDD22,1870.7048
FDW51,3561.4575
FDL09,2719.8027
FDZ60,1602.9899
NCH07,2552.3582
NCQ41,3118.999
FDW04,2062.6147
FDI08,6168.795
FDR19,386.45682
FDV13,1358.5507
FDB52,4006.5715
FDZ48,2910.4111
NCO14,806.2858
FDZ50,3128.166
FDN27,372.98657
FDQ60,2057.7175
FDR49,814.8005
DRJ35,1779.477
DRI49,1356.7635
FDB47,3628.6543
FDP37,349.71713
FDR26,2798.6748
FDY31,386.45682
FDC11,1425.3319
DRP47,4006.5715
NCY54,2523.5623
FDR27,2185.5469
FDQ21,342.8354
NCQ29,3902.1724
FDJ02,2423.3042
FDE21,1630.4631
FDM39,2859.4553
FDZ01,1655.6409
NCB19,1190.4873
FDU03,3079.3774
FDP27,3101.501
DRF01,2416.9326
FDM03,1650.49
FDV01,2415.77
FDS16,2423.3042
FDO45,1436.0867
NCX06,2872.2485
FDP13,714.8937
NCR38,3658.8716
FDA01,938.5618
FDT26,1856.8248
FDD44,6431.817
FDB26,938.5618
FDP45,752.0424
NCP55,933.411
FDT23,1346.7767
FDO51,709.74286
FDA44,933.411
NCJ31,3547.614
FDX37,1563.7495
NCD18,4001.5574
FDN40,3586.1582
FDL33,3101.501
DRF48,3112.6274
FDW08,1650.49
FDX39,3115.2646
FDB38,2684.4727
FDY46,2701.2756
NCB06,2599.9792
FDA34,2865.877
FDA35,2018.4436
FDQ07,3627.682
FDU32,2057.7175
FDU26,2051.296
FDU13,386.45682
FDO09,3902.1724
FDW03,362.8637
FDB38,2580.3274
FDL26,392.82846
NCN43,2057.7175
FDH08,4051.151
NCC31,394.19293
FDH14,2185.5469
FDL40,1558.5986
FDD20,2057.7175
NCV53,3943.9604
FDD16,1199.6342
FDP24,1963.485
FDQ25,2865.877
FDM38,937.00385
NCT18,420.64743
FDM34,2178.0884
DRH37,440.93008
NCE07,2238.6895
FDG12,1870.7048
FDB59,533.28644
FDS10,2521.4084
FDN21,413.7262
FDM02,1361.7991
FDO44,1870.7048
NCN17,1650.49
FDH16,1266.5619
FDL44,2580.3274
FDY47,2062.6147
DRI39,930.3532
NCX54,1480.9653
FDE59,693.5768
FDO46,3112.6274
DRE13,1356.6482
FDW14,1429.665
FDF35,1650.49
FDO50,297.95847
DRF49,1870.7048
FDT60,2062.6147
FDP38,811.43665
FDA31,4737.3984
FDY52,199.46222
FDD03,5964.081
FDN52,1190.4873
FDU20,372.98657
FDD22,1781.1106
NCB55,209.46216
FDN27,1783.6066
FDD16,1332.6583
FDW48,1343.5283
DRN35,693.5768
FDX25,2861.122
DRD49,3816.1084
FDE21,372.98657
FDN44,2593.6077
DRC01,806.2858
NCK30,4036.396
FDU39,933.411
FDB49,1561.847
FDS12,2062.6147
FDR57,2183.259
FDX22,5626.7173
FDC60,1542.7886
NCE42,3726.7195
NCK42,3555.951
DRE01,3816.1084
FDE57,1893.0144
DRK59,652.5026
FDB10,5959.4062
FDQ25,2865.877
FDY26,3704.6392
FDG28,3943.9604
FDM14,1655.6409
NCH29,1665.1852
FDD48,1870.7048
FDC17,3667.8438
DRH49,2114.9014
FDN44,2278.7065
FDC29,1870.7048
DRK01,292.80768
FDD48,1870.7048
FDB59,3099.3472
FDY45,787.6887
FDX60,1343.5283
FDT09,371.0352
DRB24,2131.4807
FDL13,3915.077
FDN16,1650.49
FDK57,2057.7175
FDO22,2105.03
FDC57,488.44788
FDZ13,1320.772
FDW27,2416.9326
FDX10,693.5768
FDY08,1893.0144
FDA49,1358.5507
FDC32,1392.4377
FDO04,933.411
NCZ54,2599.9792
FDY40,803.0375
FDW36,1650.49
FDE11,3123.4111
DRE37,3071.378
NCK19,3071.378
FDT19,2854.7505
FDE56,936.77484
FDZ57,349.71713
FDB35,1436.0867
FDF09,72.79859
FDO34,2750.581
FDA55,3820.1616
NCM18,936.65936
FDJ20,342.8354
DRQ35,349.71713
FDG02,3112.6274
NCU29,2131.4807
FDL27,1824.0275
NCA54,2872.2485
FDJ32,1029.9563
FDB21,575.56885
FDR46,2423.3042
FDZ32,1650.49
DRF36,3118.999
NCU54,3561.4575
NCI31,693.5768
DRA59,3117.0396
NCC55,693.5768
FDE44,636.8765
NCN26,1630.4631
FDC11,1345.8934
FDV24,2416.9326
FDR40,306.3432
NCQ17,2487.0332
FDC46,3107.8726
NCM18,1074.5071
FDK16,1565.2108
FDI28,1343.5283
FDS11,3356.8433
DRD13,1071.2587
FDL36,1432.8383
FDI27,799.8642
FDJ53,372.98657
FDS44,3943.9604
FDE28,3867.3337
FDQ33,2131.4807
FDB37,3898.1152
FDQ31,1356.6482
NCQ05,2416.9326
FDE10,2185.5469
FDF38,714.8937
FDE50,535.5188
DRG37,392.82846
NCH06,4246.3975
FDY14,4030.0244
FDO27,1565.2108
FDQ19,3943.9604
FDZ26,575.56885
FDN51,4006.5715
FDK20,2057.7175
FDD40,2701.2756
DRI25,763.8862
FDH56,1870.7048
FDI36,5326.431
DRH11,767.1346
NCV18,1360.012
DRI01,2865.877
DRE48,3112.6274
FDS51,936.65936
FDM38,814.8005
FDB60,5326.431
FDY58,3995.1858
FDY22,2238.6895
FDF11,5867.769
FDZ51,1561.847
FDQ45,3128.166
FDF17,3112.6274
NCF31,3586.1582
FDA37,2057.7175
FDO51,709.74286
FDF34,3112.6274
FDD57,1389.074
FDO37,3995.1858
FDR49,814.8005
FDS39,2185.5469
FDI48,1589.0018
DRM35,2865.877
FDV57,2872.2485
FDZ55,2697.753
FDI28,1343.5283
FDS21,1071.2587
FDT34,1650.49
DRI25,933.411
FDT47,392.73776
DRH39,1196.5763
NCD54,2324.0125
FDU16,2114.9014
NCW29,2141.5483
FDV25,5524.1924
FDM56,1650.49
FDZ04,1824.0275
FDG59,72.79859
FDI56,1439.4504
FDS33,1360.012
FDC23,2872.2485
FDT11,3112.6274
FDG17,3943.9604
FDZ44,1870.7048
FDJ52,2593.6077
DRI23,2569.201
DRE15,299.92157
NCF07,1650.49
NCR29,936.65936
FDE44,176.80746
FDT23,1346.7767
NCG06,4006.5715
NCU41,529.6972
FDH46,1650.49
FDV31,2854.7505
NCT41,3586.1582
FDE22,3914.5288
FDC26,1655.6409
DRF51,687.15515
NCY53,372.98657
FDY21,3107.8726
FDL27,1074.5071
FDZ34,3112.6274
NCF43,313.69934
FDC21,1650.49
FDL26,2435.4219
FDT25,371.4168
NCR30,1199.6342
DRL23,362.8637
NCR05,3112.6274
NCE19,770.4984
FDY07,709.74286
FDB10,3943.9604
FDP57,1650.49
FDU48,371.0352
FDH48,1353.3998
FDO33,1870.7048
NCU29,2416.9326
FDW35,709.74286
FDH05,551.6553
FDP26,1644.0684
DRG27,703.3212
FDQ33,2416.9326
FDH20,286.15125
FDV14,1426.4166
DRD01,936.65936
NCI17,1561.847
FDF39,787.6887
FDX37,1638.9508
NCX17,3627.751
FDN03,4000.2
NCS41,498.83063
FDH34,3128.166
NCX53,1885.556
FDY31,2416.9326
FDD20,2062.6147
FDE51,803.228
FDV27,1356.6482
FDF16,2416.9326
FDZ02,1555.4254
NCK05,1071.2587
FDM12,4834.1206
NCA05,2081.5703
FDX33,2582.4812
FDM25,2865.877
FDE41,1187.1235
FDW14,1350.2266
NCD30,1558.5986
FDB23,667.45435
FDF45,933.411
FDW20,2002.7592
FDF47,3542.9685
NCR05,547.26404
DRB01,3112.6274
FDE36,2697.753
FDU56,3134.5376
FDB23,3830.1956
FDN48,1436.0867
FDS43,3112.6274
NCN05,3128.166
NCL53,2865.877
FDL56,1356.7635
FDH17,1389.074
FDP37,2062.6147
FDG09,535.5188
FDA55,3849.8474
FDX31,3821.7314
FDJ41,4000.2
DRC24,2435.4219
FDQ21,1970.6195
NCT54,1565.2108
FDH08,3995.1858
FDY38,3532.0107
DRM11,705.3239
FDG32,3685.4807
NCH18,4064.0112
FDI20,3752.1394
FDA33,2131.4807
FDN45,3718.0457
FDT45,206.21378
FDR32,3947.697
FDA48,3620.8726
FDN23,2416.9326
NCR18,709.74286
FDD45,1565.2108
FDI22,3136.752
FDT09,2185.5469
DRC24,3586.1582
FDT39,2416.9326
FDX28,1565.2108
FDA50,1386.0161
FDT33,4331.1616
FDQ60,2018.4436
NCM19,1616.5024
FDF40,3954.3547
NCI30,4018.166
FDK34,3943.9604
FDA38,5959.4062
FDT02,687.15515
FDC11,1345.8934
FDD08,709.74286
NCS29,4030.0244
DRI03,418.9804
FDK48,1168.7397
FDM52,2423.3042
FDP49,936.65936
DRA24,2684.4727
NCJ43,2865.877
FDE11,3123.4111
FDP01,2356.152
FDQ59,1187.1235
FDA43,524.3926
FDL14,2416.9326
FDV50,336.41376
FDT01,5585.676
NCC42,2185.5469
FDO28,1870.7048
FDD32,306.3432
FDV45,3118.999
NCW17,349.71713
NCJ17,2118.2651
NCF18,3220.018
FDP01,2356.152
FDH24,2437.3792
FDI38,5626.7173
FDX03,709.74286
FDY28,3513.0378
FDN34,2541.0603
FDJ02,2423.3042
FDW40,371.0352
FDX03,709.74286
FDE17,3586.1582
FDT58,2744.2095
FDI38,3667.8438
FDW22,3843.4758
FDS15,2526.8137
NCX06,3178.7605
DRK47,3995.1858
FDC23,4621.8135
FDM56,370.08063
FDP21,3112.6274
FDP58,3513.0378
FDA27,811.14136
FDK41,308.85745
NCH42,3995.1858
FDG29,709.74286
FDW15,2137.8523
FDD28,767.1346
FDQ37,3010.5974
FDC23,2872.2485
FDV13,1437.9891
FDK33,3674.2153
FDO33,1870.7048
FDN21,2684.4727
NCW06,5380.643
FDI38,3667.8438
FDC21,2557.713
NCS05,2185.5469
NCN53,734.504
FDV40,303.09482
FDG60,3821.7314
NCY30,5039.03
FDM40,2185.5469
NCO30,3114.8857
FDK10,2865.877
FDM36,2865.877
FDN10,1870.7048
FDM46,1269.9257
FDX50,1767.2306
FDP33,3928.0059
FDO12,3118.999
FDC28,1781.1106
FDO31,1346.7767
FDX45,2423.3042
FDV21,2062.6147
FDH04,1436.0867
NCG54,2744.2095
FDO13,2697.753
FDA09,4610.687
FDC38,2185.5469
NCO42,2282.2922
FDL45,2057.7175
NCK31,853.27344
FDM39,2859.4553
FDC22,524.3926
FDF46,1870.7048
FDQ37,3010.5974
FDH41,498.8444
FDQ04,709.74286
NCQ02,4834.1206
FDJ57,5023.491
NCE07,2185.5469
FDE56,936.77484
FDI20,3752.1394
FDK36,636.76105
FDP08,5496.228
FDF44,2185.5469
NCU53,2744.2095
FDF47,3542.9685
FDS55,386.45682
FDZ52,354.10324
FDL04,1480.9653
NCM26,2356.152
FDX43,2744.2095
FDP52,3981.9055
DRK49,709.74286
FDE38,2697.753
DRF13,2416.9326
FDK41,305.60907
FDJ04,2974.3582
FDZ44,1630.4631
FDS11,3813.79
FDA55,3849.8474
NCW53,3099.3472
FDB49,2518.66
FDD23,3112.6274
NCV42,1781.1106
NCZ29,1795.9362
FDQ26,926.9894
FDV08,709.74286
FDC53,1561.847
FDV58,385.1917
NCP02,206.09836
DRI37,936.77484
FDQ12,3995.1858
FDE33,1343.5283
FDX27,1544.6708
FDM22,850.0251
NCH30,372.98657
FDC04,3950.332
FDO38,1348.6792
FDV52,2974.3582
FDB32,1547.7286
FDV43,633.5127
FDI24,2534.6887
FDR40,1346.7767
FDW02,2051.296
FDE44,806.4013
FDL38,1437.9891
NCT54,289.39963
DRJ39,576.64575
FDW55,4083.4575
DRF13,313.69934
NCW17,2141.5483
FDP13,714.8937
FDS08,2534.6887
NCP17,1026.7079
NCO53,3123.4111
FDH19,2852.5967
FDJ04,1870.7048
FDG10,936.65936
FDA40,305.60907
FDI53,2686.6265
FDU09,209.46216
FDK60,1561.9624
FDR43,693.5768
FDW22,3653.097
DRP47,711.69556
DRG48,386.45682
FDA14,2416.8826
FDU49,1358.5507
FDK28,4030.0244
FDT19,2854.7505
NCQ42,2002.7592
FDD03,3867.5881
NCM53,1650.49
NCX53,2178.0884
FDV14,2108.4797
NCZ54,2704.1245
FDB39,930.23773
DRC24,2423.3042
FDY36,1213.7527
FDN01,2865.877
DRH25,925.24084
FDV08,709.74286
NCP53,3950.332
FDU52,394.19293
NCI42,3654.5635
FDZ14,2012.022
FDF11,3943.9604
FDQ13,1192.2744
FDO32,176.80746
DRJ37,2131.4807
FDY43,2739.4546
NCT41,2423.3042
NCV17,2178.0884
FDM04,1699.7538
DRB48,540.2181
FDM24,2416.9326
FDT37,4006.5715
NCO05,289.39963
FDL13,3915.077
FDL15,2423.3042
FDB11,3363.2148
FDL14,399.93958
FDY10,372.98657
FDJ40,1781.1106
NCW18,3950.332
NCY06,2141.5483
DRE13,1187.1235
FDA26,3555.951
NCE19,201.292
FDE33,1343.5283
DRL59,1699.7538
FDY07,806.2858
FDF57,2541.0603
FDM58,1781.1106
FDP26,2520.392
FDY32,2686.6265
FDD51,167.02205
FDU22,1630.4631
FDZ49,3463.775
NCI42,3654.5635
FDT04,1073.5137
NCU41,3099.3472
FDS56,4083.4575
NCN42,2403.6523
FDK34,3943.9604
FDB03,3822.48
DRJ25,806.4013
FDT25,3189.707
FDN20,2730.9292
FDP09,3542.6707
FDM20,681.3863
NCG55,1870.7048
NCP14,1650.49
NCH06,3779.6743
FDV52,1815.7462
NCL07,709.74286
DRJ11,5190.1265
DRO59,1213.7527
FDW15,392.82846
NCQ30,2057.7175
NCN54,306.3432
FDY01,2974.3582
FDX39,3562.3225
FDH53,2114.9014
FDA57,709.74286
NCC07,370.08063
FDU28,3058.0977
FDK36,173.44366
FDR36,540.2181
NCQ17,2416.9326
FDS28,209.46216
FDE08,2403.6523
FDU22,1870.7048
FDG41,1650.49
FDO31,306.3432
FDM21,705.3239
FDU40,2924.6953
FDV36,1788.4778
FDT10,1707.924
FDX38,799.8642
NCU30,4189.1562
NCV06,3112.6274
FDT16,4000.2
NCP41,2526.8137
FDZ56,2750.581
FDC22,3101.501
FDU10,709.74286
FDS46,1870.7048
FDO08,2707.3157
NCV42,1480.9653
FDP33,4089.9263
FDJ12,3628.6543
FDH04,1436.0867
NCU54,3561.4575
FDO36,408.4542
FDT37,5934.0737
FDD14,512.3435
FDA16,3663.7856
NCS42,292.80768
FDP10,362.8637
FDQ28,2423.3042
FDK57,372.98657
FDK02,1870.7048
FDW47,1796.8662
NCC42,1893.0144
FDQ37,2623.396
FDL40,1558.5986
DRE13,305.49365
FDQ34,2526.8137
NCB54,2062.6147
FDS48,2423.3042
FDO15,1165.4913
NCT30,806.2858
FDU49,2120.052
FDE21,1870.7048
FDS49,314.8578
FDT38,2108.4797
FDZ01,1655.6409
FDC41,1213.868
DRG13,432.96048
NCZ42,3469.6648
NCM07,1356.6482
NCV17,1885.556
DRK39,1350.2266
FDS37,1630.4631
FDV12,292.76343
NCG19,3583.6348
FDS51,1029.9563
NCO14,709.74286
FDC38,2185.5469
FDN15,2185.5469
NCH42,3995.1858
FDQ22,693.5768
FDC05,3101.501
FDZ31,3107.8726
DRJ23,3099.3472
FDC52,2410.511
DRD12,292.80768
FDV55,2423.3042
FDD32,1343.5283
FDR01,3609.6816
FDY08,371.0352
FDQ45,3112.6274
DRN11,3586.1582
NCS05,1893.0144
FDY32,2686.6265
NCD31,2697.753
NCE06,2656.5034
NCP14,1650.49
NCF18,524.3926
FDF14,2131.4807
FDB22,2416.9326
NCH54,2593.6077
FDU27,806.4013
FDS58,3914.5288
NCU29,2416.9326
FDJ57,3112.6274
FDL56,1356.7635
FDH60,3099.3472
FDN24,767.25006
FDD02,2018.4436
FDP15,3988.9072
FDB28,5285.1816
DRC49,2416.9326
NCG30,1789.4078
FDJ14,1351.9276
FDL52,693.5768
NCG19,5883.7183
NCN41,2057.7175
FDW22,3843.4758
FDI02,1856.7441
FDV51,2704.1245
FDV48,1346.7767
NCL17,371.0352
FDP46,1432.8383
FDU10,693.5768
FDT37,817.513
FDI27,799.8642
FDN51,4006.5715
FDW07,1356.7635
FDN45,3718.0457
DRN37,4217.1855
DRF48,3112.6274
FDP38,178.59448
NCX18,5326.431
FDK45,1692.2606
FDZ37,1361.7991
FDS50,3363.2148
NCR54,2679.678
NCS17,1558.5986
FDV31,2854.7505
DRE27,1558.7892
FDN60,2588.8528
FDK26,3112.6274
FDX37,1394.2249
FDW31,3112.6274
FDX26,2736.466
DRL49,371.0352
FDU49,1358.5507
FDY58,3995.1858
FDN03,4000.2
NCV06,535.5188
FDH53,1342.5297
FDG31,904.98236
NCC06,2134.0898
FDS13,3902.1724
FDP16,3813.8828
FDA35,2057.7175
DRP47,3658.8716
FDY28,541.7568
FDY20,1436.0867
NCH30,1781.1106
NCR29,209.46216
NCP05,2403.6523
NCF30,342.8354
FDA08,2697.753
FDN51,5934.0737
FDH12,1650.49
FDY39,3128.166
NCO53,3123.4111
FDB40,2416.8826
FDH02,1441.2375
FDY11,1824.0275
FDQ09,372.98657
FDP16,3813.8828
NCF55,524.052
FDY09,4621.8135
FDY39,3172.389
NCU53,2697.753
NCT41,2423.3042
FDJ45,693.5768
FDR28,2697.753
FDN08,1870.7048
FDJ07,1870.7048
FDZ09,4178.03
FDQ14,2410.511
FDY12,1315.6211
FDK57,2057.7175
FDD20,2057.7175
FDS36,1573.8253
FDI40,1650.49
FDJ40,1781.1106
FDE08,2403.6523
DRK01,1561.847
FDC58,709.74286
FDE50,3099.3472
FDX48,2423.3042
DRM35,2534.6887
FDG41,1650.49
FDB52,4006.5715
FDV19,2599.9792
DRG48,2416.9326
FDI26,2865.877
FDU11,342.8354
FDF59,349.71713
FDR07,1515.5887
NCE06,2656.5034
FDE10,2185.5469
NCO55,1650.49
FDZ13,811.43665
FDT50,1558.7892
FDH12,362.8637
FDD21,1870.7048
NCM05,4030.0244
FDK04,936.65936
FDN33,1565.2108
NCM18,189.53722
DRC25,1380.8268
FDT47,1665.1852
FDD45,2529.3403
NCD07,1630.4631
NCY54,414.2758
FDL12,936.77484
FDL02,1655.6409
FDC60,1542.7886
FDR37,2872.2485
FDY16,3114.8857
FDU26,2012.022
FDN24,928.6047
FDH44,2403.6523
FDE23,173.55908
FDW60,2865.877
FDQ55,1870.7048
FDV32,1742.1868
FDV03,401.10187
FDY14,731.12213
NCL55,5934.0737
DRF25,709.74286
FDX03,709.74286
FDF40,3781.3179
FDX24,289.44388
FDA25,1655.6409
FDH21,2340.504
FDB47,547.26404
FDT34,362.8637
FDS39,371.0352
NCU05,1346.7767
FDE02,1444.6013
FDL25,1439.4504
FDC50,1567.1133
FDZ32,1650.49
FDV14,1346.9781
FDR07,1515.5887
FDB26,930.39166
NCR50,2403.6523
FDP01,2081.5703
FDH57,2185.5469
FDM60,1073.5137
FDA45,2772.9568
FDU55,4089.829
FDH40,1356.6482
FDG40,72.79859
FDT12,3843.4758
DRL59,925.24084
FDT47,1495.6605
FDI60,1074.5071
DRF51,1050.926
NCK31,806.2858
FDB08,2593.6077
FDM44,1650.49
FDD46,2131.4807
FDR27,367.92447
FDV56,370.08063
FDM02,1361.7991
FDU45,1630.4631
FDZ10,2057.7175
NCK31,173.44366
FDR27,2185.5469
FDF33,1650.49
FDJ36,1650.49
FDP33,3928.0059
FDG17,4064.0112
FDG47,5383.6836
NCW29,2062.6147
DRH59,1168.7397
FDR32,3947.697
FDP48,3172.389
FDG17,3943.9604
DRJ59,709.74286
FDY48,2526.8137
FDB02,2865.877
FDN10,372.98657
NCD55,709.74286
FDX34,2057.7175
FDZ38,2865.827
DRF37,3988.9072
DRL47,342.8354
FDL27,1074.5071
NCP53,3950.332
FDT03,540.07996
FDJ28,3112.6274
FDF40,3746.7583
FDA32,3562.3225
NCP02,936.65936
FDZ31,3107.8726
NCQ29,3902.1724
FDP57,362.8637
FDL32,3096.1367
DRB01,3112.6274
FDJ40,1650.49
FDO24,2267.58
FDO11,3352.8674
FDA56,2018.4436
FDF02,1655.6409
FDA10,2002.7592
NCI55,2050.2593
FDZ40,197.9282
FDV08,709.74286
FDN48,1436.0867
FDU57,2416.9326
DRF49,1870.7048
FDS02,3101.501
FDS43,3112.6274
FDT16,4030.0244
FDX19,6010.4297
FDK15,1565.2108
DRA12,2185.5469
FDY35,803.0375
NCU42,2744.2095
FDD26,3112.6274
FDR11,2267.58
NCP53,3950.332
FDP34,2487.0332
NCV41,370.08063
FDN20,2399.7407
FDZ16,2720.9275
FDZ28,2055.1562
NCL55,4030.0244
NCJ17,1360.012
FDT37,4006.5715
FDV51,2750.581
FDZ28,2055.1562
FDN27,1783.6066
FDS14,393.97015
FDZ58,2057.7175
FDD46,2423.8408
FDJ03,799.8642
FDU03,408.4542
FDA33,3586.1582
NCW53,3099.3472
NCC55,693.5768
FDP52,581.5305
FDE39,2012.022
FDB44,3667.8438
FDG59,693.5768
FDI05,1217.1165
FDF59,2062.6147
FDM39,377.731
FDB14,1441.3529
NCS05,371.0352
DRJ35,936.65936
FDO31,306.3432
FDA31,2854.7505
FDX40,709.74286
FDW56,3112.6274
FDH09,708.7537
FDA52,414.2758
FDF20,535.5188
FDE40,930.3532
NCU17,1668.549
NCP14,1650.49
FDN25,1707.924
FDU39,933.411
NCM05,4030.0244
FDU07,2416.9326
FDF28,2062.6147
FDR57,2593.6077
FDJ33,2057.7175
DRH23,936.77484
FDQ52,3908.544
DRK13,3101.501
FDP09,3752.1394
FDR08,2557.713
FDV50,2051.296
FDT13,3118.999
FDJ27,2526.8137
FDH21,2498.1597
FDW14,2345.7996
FDL52,709.74286
FDW28,3220.018
FDL40,1558.5986
FDE24,2185.5469
FDX35,3947.697
FDP46,1353.3998
FDX56,3635.026
FDQ45,3112.6274
FDK50,3914.5288
FDY26,3704.6392
FDQ09,1870.7048
FDN39,2730.9292
FDP13,714.8937
FDR51,2416.9326
FDZ49,498.8444
FDL28,3520.8901
FDZ10,2008.8077
FDK38,2416.9326
DRL49,3310.0361
FDR15,2416.9326
FDQ24,4036.396
FDD56,2861.122
NCR42,693.5768
FDH52,1074.5071
FDH57,367.92447
FDR15,394.19293
FDJ34,2057.7175
FDW37,1441.3529
FDQ23,1480.9653
FDP34,2582.4812
FDE04,4621.8135
FDC48,1346.7767
FDA47,408.42154
FDI35,2541.0603
NCV05,2429.0503
FDR28,2697.753
FDH31,1561.847
FDP59,362.8637
FDS19,1128.4219
FDM60,709.74286
FDJ44,2523.5623
DRH51,1350.3419
DRC25,1380.8268
DRE25,1432.8383
NCX05,1870.7048
FDR11,2582.4812
DRP47,3908.544
DRC49,309.6896
FDQ47,1057.3477
FDL20,1781.1106
FDM34,2178.0884
NCN55,3950.332
FDD41,1650.49
FDE52,1429.665
NCT18,414.2758
FDJ32,767.1346
FDE16,3667.8438
FDZ09,2692.998
DRZ11,2057.7175
FDK41,1356.7635
FDE56,936.77484
FDH34,3112.6274
DRI49,1346.8921
DRI59,3843.4758
DRC36,2865.877
FDS15,362.8637
FDI07,2714.556
FDZ15,1624.0415
NCX41,5481.8267
NCO29,431.58755
FDF57,2750.581
FDI33,1432.8383
DRJ47,2852.5967
FDB34,1353.3998
FDY22,3310.0361
DRL11,2593.6077
FDY46,3099.3472
FDG17,3943.9604
FDE52,1180.7019
DRP47,5696.7524
FDO01,311.34976
FDL09,2719.8027
FDR57,2498.1597
DRD37,806.2858
FDQ36,1073.5137
FDL33,3101.501
FDL48,803.0375
FDL28,4051.151
NCN29,803.0375
FDO13,2697.753
FDB38,2684.4727
FDI36,3112.6274
FDI58,1436.0867
FDH22,1795.9362
FDQ27,1779.49
FDT33,2707.3157
FDC56,1870.7048
FDF14,2416.9326
FDQ39,3118.999
NCM43,2704.1245
FDS46,2018.4436
FDI22,3561.4575
NCE43,2733.083
FDZ36,524.3926
FDR13,372.98657
FDP46,1263.3135
FDW56,524.3926
FDB40,2416.8826
FDM28,2541.0603
FDV49,4000.2
NCS53,2148.381
FDO03,3995.1858
FDT15,3128.166
FDD33,3867.3337
FDX13,4000.2
FDH60,3099.3472
DRH51,1350.3419
NCL07,709.74286
FDW51,3513.0378
FDF21,524.3926
FDH26,371.0352
FDJ03,799.8642
FDU35,1561.847
DRL01,3402.3645
FDE59,693.5768
FDI60,1074.5071
DRH39,1329.6005
FDK36,806.2858
FDN52,1360.012
FDU12,3988.9072
NCT05,5934.0737
FDS37,2974.3582
FDK24,809.64966
DRF36,3118.999
FDN46,362.8637
NCN06,2686.6265
FDD59,1346.7767
FDM14,1655.6409
FDO10,763.8862
FDU35,1561.847
NCA30,2690.1492
NCO41,1561.847
FDI24,2865.877
FDZ16,3107.8726
FDV47,1353.3998
FDV16,693.5768
FDZ22,1356.6482
FDO20,788.5814
FDW38,954.41644
FDW52,2704.1245
FDT43,173.44366
NCS29,4030.0244
NCC31,2416.9326
FDA21,3112.6274
FDQ55,1870.7048
NCE54,1199.6342
FDD45,1561.847
NCP17,1071.2587
FDR47,3118.999
DRM35,2865.877
FDR47,524.3926
FDX19,540.8636
FDV22,3608.016
FDQ46,2910.4111
DRO47,1856.7441
FDB44,653.6497
FDN02,553.6357
FDW10,2772.9568
FDJ41,781.3171
FDM50,941.8102
FDW10,2772.9568
FDY48,1650.49
NCE30,5392.3657
FDO04,933.411
FDQ26,199.79216
NCX29,2131.4807
FDE39,1864.2832
NCR54,5285.1816
NCP55,1707.924
FDX22,3667.8438
FDI05,1217.1165
FDC51,3183.2854
FDC10,1870.7048
FDJ46,2865.877
FDV10,88.96465
FDX12,5959.4062
FDL43,306.3432
DRB13,3112.6274
FDF59,3209.2266
FDT35,2730.9292
NCJ19,936.77484
FDT35,2399.7407
FDI48,806.2858
DRC24,386.45682
NCZ05,1650.49
FDJ57,3112.6274
FDX11,3123.4111
FDE09,1781.1106
NCK06,2018.4436
DRE37,3101.501
FDV56,1650.49
FDY43,2739.4546
FDV35,2403.6523
FDF05,781.3171
FDA36,3128.166
FDS13,5887.2695
FDU47,2185.5469
FDI36,524.3926
FDH48,1353.3998
FDZ14,2051.296
FDS46,2057.7175
FDE21,1870.7048
FDA26,3663.7856
FDV12,1558.5986
FDL46,372.98657
FDN57,2178.0884
NCJ18,1870.7048
FDO36,2852.5967
FDX55,3115.2646
FDT25,342.8354
FDD16,1199.6342
NCX18,3118.999
NCG55,1630.4631
NCV18,1360.012
NCS18,1650.49
FDC37,1650.49
FDE47,2057.7175
DRG49,676.4871
FDC39,3667.8438
FDH24,407.94867
FDV39,5326.431
NCL17,2185.5469
NCY53,1863.2465
FDH52,1074.5071
NCD19,767.1346
FDI44,1213.868
DRD49,5912.602
FDN08,1870.7048
FDO20,6351.454
FDY02,3982.5356
FDX23,1436.0867
FDX01,1870.7048
FDH20,2525.9766
NCX41,3654.5635
FDD21,3096.1367
DRH11,209.46216
DRE60,3434.089
FDB10,3943.9604
FDH38,1870.7048
NCL07,540.2181
FDD48,1870.7048
NCT54,2435.0232
FDF32,5453.1426
DRH51,1350.3419
DRG03,2429.0002
NCY42,371.0352
FDH32,1561.847
NCJ06,3178.669
FDH47,2498.4412
FDZ08,1190.4873
FDK16,1565.2108
DRG01,1040.9796
NCM53,2526.8137
NCB07,3099.3472
NCZ06,3826.204
FDU48,2178.0884
NCB55,1711.2877
FDP15,4006.5715
FDF17,3112.6274
NCN06,2686.6265
DRM48,540.2181
FDH10,2924.6953
FDC60,1293.8254
FDE35,767.1346
DRI23,2673.3462
NCR38,3908.544
FDP04,1026.7079
NCW17,2185.5469
FDX34,2057.7175
NCK53,1561.847
NCO54,202.84998
NCH55,2062.6147
FDT44,3096.1367
DRG49,3943.9604
FDX46,209.46216
DRG36,2861.122
FDU37,1355.2914
FDK10,2786.973
DRF37,5967.6323
FDC44,1870.7048
FDP15,3988.9072
FDZ27,1305.8357
FDY22,331.27887
DRG51,2691.3313
FDN58,3915.077
FDW01,2423.3042
FDX24,1266.5619
FDO51,709.74286
FDJ52,4189.1562
NCY06,336.29758
FDE20,2413.021
FDT23,309.707
FDQ51,803.0375
FDE35,936.65936
FDB46,3482.9148
NCG19,3741.3796
NCL06,3567.642
FDT36,72.79859
FDC56,2057.7175
FDJ26,3530.536
FDZ59,2733.083
FDV11,4621.8135
FDR13,372.98657
FDI15,3652.5
FDF47,3354.8733
NCB54,336.29758
NCK19,5285.1816
FDX16,2423.3042
FDL50,2062.6147
NCE31,693.5768
DRJ01,2686.6265
FDE22,2593.6077
FDY20,292.80768
NCO14,709.74286
NCR50,2403.6523
DRM47,3112.6274
FDO27,292.76343
FDJ20,3311.4856
NCX17,3627.751
FDG59,693.5768
FDD52,1644.0684
FDO48,3849.8474
FDC59,189.53722
FDS15,1480.9653
FDB47,3628.6543
FDV14,299.07202
FDB27,3112.6274
FDA35,2057.7175
FDN51,3537.8176
FDO39,573.1766
FDB28,3071.378
DRJ25,806.4013
FDH46,2518.66
FDI10,2865.877
FDU21,524.052
FDD09,2865.877
FDD10,2805.0964
FDN31,524.3926
FDA46,2703.4294
FDM56,1650.49
FDF11,681.3863
FDS32,1893.0144
NCM06,2416.9326
FDZ26,3816.1084
FDO01,2054.45
FDJ46,2865.877
FDG26,763.6528
FDZ38,2865.827
NCO55,1650.49
FDT60,2057.7175
FDW37,1441.3529
NCK42,3108.893
FDA45,2761.8303
FDW55,3614.7036
FDY44,3118.999
FDQ31,1356.6482
FDM09,2865.877
FDH12,1480.9653
NCQ43,1650.49
FDT33,2744.2095
NCT41,2137.8523
DRJ25,173.55908
NCQ41,3118.999
NCN17,1650.49
DRO35,2974.3582
FDU27,633.5127
FDY43,4457.873
FDG46,1870.7048
DRL49,2076.8582
NCB55,936.77484
FDK28,4030.0244
FDO49,806.2858
FDT03,2924.6953
FDW33,2526.8137
FDR02,1774.689
FDF50,3101.501
FDA40,1219.0518
NCT53,2382.8516
FDY60,2185.5469
FDP44,2557.713
NCQ50,3542.6707
NCC30,2872.2485
FDQ60,1757.592
FDG41,1650.49
FDQ03,3950.332
FDM03,1650.49
FDZ51,1266.5619
DRF51,703.3212
FDF39,4006.5715
FDW52,2704.1245
FDY22,2423.3042
FDG14,2416.9326
FDA57,709.74286
FDL45,349.71713
FDX28,1565.2108
NCQ54,2750.581
FDH40,1346.7767
FDU52,2498.1597
FDT60,342.8354
FDK08,1565.2108
FDN04,2865.877
FDE50,3099.3472
FDI16,816.59656
FDM50,941.8102
NCV30,1026.7079
FDT44,1870.7048
FDY60,2416.9326
FDT56,936.77484
FDV58,2526.3674
FDU04,2057.7175
NCN05,5023.491
FDI53,2371.725
FDD34,2697.753
FDW47,3189.707
FDT51,2910.4111
FDO27,1565.2108
NCQ18,1480.9653
NCW05,1650.49
FDI15,731.12213
NCH43,498.8444
FDT40,2062.6147
NCG19,3741.3796
NCM30,709.74286
FDB38,2580.3274
FDB22,2416.9326
FDC58,709.74286
NCI29,2185.5469
FDA23,296.55457
DRG48,2407.2627
FDV21,2057.7175
NCG18,362.8637
FDG40,693.5768
FDU24,1395.6862
FDA22,2707.3157
FDY35,803.0375
FDJ15,3128.166
NCW18,3476.0364
FDK56,2703.4294
FDF44,2185.5469
FDP51,1870.7048
FDU22,2974.3582
FDM28,2872.2485
NCL42,3930.6802
FDJ15,535.5188
FDI32,1630.4631
DRL11,2593.6077
DRO59,1044.228
FDA07,342.8354
NCO53,3123.4111
FDO21,3843.4758
FDW39,2865.877
NCV17,2178.0884
FDE22,2593.6077
NCB06,2285.0781
DRF48,3112.6274
FDB05,4145.282
FDP28,5967.6323
FDP23,3653.097
NCS41,2730.0945
FDS40,540.2181
FDA16,3653.097
FDN20,2730.9292
FDF04,5934.0737
DRG36,2408.266
FDW16,1263.3135
FDU09,936.65936
FDW01,2423.3042
FDB15,3902.1724
NCJ17,1360.012
NCT18,2736.466
FDG16,3064.5808
FDP27,3101.501
FDQ44,3300.4475
FDL50,3189.707
FDW57,4610.687
FDS34,1863.2465
NCV30,933.411
FDD26,2714.556
FDA03,2397.2307
FDS27,2714.556
FDM12,3118.999
NCV42,2910.4111
NCS41,3128.166
FDN56,1893.0144
DRK59,3867.5881
NCG18,1650.49
NCN26,1870.7048
FDI60,1808.9862
NCI43,803.0375
NCL17,2185.5469
FDQ19,681.3863
FDY43,2739.4546
FDR36,709.74286
FDJ58,2861.122
DRY23,709.74286
FDK26,5023.491
DRH03,1552.177
FDC10,372.98657
FDD23,3112.6274
FDP32,2062.6147
FDO31,1346.7767
FDQ57,2416.9326
FDX32,3730.8923
FDC39,5585.676
FDU55,4089.829
FDL45,2057.7175
DRK37,3112.6274
FDK22,3555.951
DRG37,3608.016
FDK22,3555.951
DRH36,995.96674
DRC36,2534.6887
DRE03,1168.9226
FDF34,3112.6274
FDZ22,1356.6482
FDC44,372.98657
FDN31,5150.2026
FDO03,3995.1858
FDA01,938.5618
NCH42,4051.151
FDF46,1630.4631
DRL35,709.74286
FDW46,1074.5071
FDB58,2185.5469
FDD47,2401.8945
NCO17,1870.7048
FDJ26,3562.3225
FDU37,1355.2914
